Date,,Bicenntenial Bikeway,Bicentennial Bikeway Pedestrians Inbound,Bicentennial Bikeway Pedestrians Outbound,Bicentennial Bikeway Cyclists Inbound,Bicentennial Bikeway Cyclists Outbound,Bishop Street Enoggera,Bishop Street Pedestrians Inbound,Bishop Street Pedestrians Outbound,Bishop Street Cyclists Inbound,Bishop Street Cyclists Outbound,Ekibin Park,Ekibin Park Pedestrians Inbound,Ekibin Park Pedestrians Outbound,Ekibin Park Cyclists Inbound,Ekibin Park Cyclists Outbound,Eleanor Schonell Bridge Cyclists,Eleanor Schonell Bridge Cyclists Inbound,Eleanor Schonell Bridge Cyclists Outbound,Eleanor Schonell Bridge Pedestrians,Eleanor Schonell Bridge Pedestrians Inbound,Eleanor Schonell Bridge Pedestrians Outbound,Go Between Bridge Cyclists,Go Between Bridge Cyclists Inbound,Go Between Bridge Cyclists Outbound,Go Between Bridge Pedestrians,Go Between Bridge Pedestrians Inbound,Go Between Bridge Pedestrians Outbound,Granville Street Bridge,Granville Street Bridge Pedestrians Inbound,Granville Street Bridge Pedestrians Outbound,Granville Street Bridge Cyclists Inbound,Granville Street Bridge Cyclists Outbound,Jack Pesch Bridge,Jack Pesch Bridge Pedestrians Inbound,Jack Pesch Bridge Pedestrians Outbound,Jack Pesch Bridge Cyclists Outbound,Jack Pesch Bridge Cyclists Inbound,Kangaroo Point Bikeway,Kangaroo Point Bikeway Pedestrians Inbound,Kangaroo Point Bikeway Pedestrians Outbound,Kangaroo Point Bikeway Cyclists Inbound,Kangaroo Point Bikeway Cyclists Outbound,Kedron Brook Bikeway Lutwyche,Kedron Brook Bikeway Lutwyche Pedestrians Inbound,Kedron Brook Bikeway Lutwyche Pedestrians Outbound,Kedron Brook Bikeway Lutwyche Cyclists Inbound,Kedron Brook Bikeway Lutwyche Cyclists Outbound,Kedron Brook Bikeway Mitchelton,Kedron Brook Bikeway Mitchelton Pedestrian Inbound,Kedron Brook Bikeway Mitchelton Pedestrian Outbound,Kedron Brook Bikeway Mitchelton Cyclist Inbound,Kedron Brook Bikeway Mitchelton Cyclist Outbound,Lambert Road Indooroopilly,Lambert Road Indooroopilly Cyclists Inbound,Lambert Road Indooroopilly Cyclists Outbound,Norman Park,Norman Park Pedestrians Inbound,Norman Park Pedestrians Outbound,Norman Park Cyclists Inbound,Norman Park Cyclists Outbound,North Brisbane Bikeway Windsor,North Brisbane Bikeway Mann Park Windsor Pedestrian Inbound,North Brisbane Bikeway Mann Park Windsor Pedestrian Outbound,North Brisbane Bikeway Mann Park Windsor Cyclists Inbound,North Brisbane Bikeway Mann Park Windsor Cyclists Outbound,Riverwalk,Riverwalk Pedestrians Inbound,Riverwalk Pedestrians Outbound,Riverwalk Cyclists Inbound,Riverwalk Cyclists Outbound,Schulz Canal Bridge,Schulz Canal Bridge Pedestrians Inbound,Schulz Canal Bridge Pedestrians Outbound,Schulz Canal Bridge Cyclists Inbound,Schulz Canal Bridge Cyclists Outbound,Stanley Street Cyclists,Stanley Street Cyclists Inbound,Stanley Street Cyclists Outbound,Stanley Street on-road Cyclists Inbound,Story Bridge East ,Story Bridge East Pedestrian Inbound,Story Bridge East Pedestrian Outbound,Story Bridge East Cyclists Inbound,Story Bridge East Cyclists Outbound,Story Bridge West ,Story Bridge West Pedestrian Inbound,Story Bridge West Pedestrian Outbound,Story Bridge West Cyclists Inbound,Story Bridge West Cyclists Outbound
1/01/2014,0:00,3333,866,1326,569,572,,,,,,,,,,,691,301,390,474,248,226,,,,,,,,,,,,,,,,,,,,,,,,,,,,,,,,,,,,,,,,,,,,,,,,,,149,1,0,92,56,,,,,0,0,0,0,0,0,0,0,0,0
2/01/2014,0:00,4863,1372,2133,658,700,,,,,,,,,,,1020,473,547,798,413,385,,,,,,,,,,,,,,,,,,,,,,,,,,,,,,,,,,,,,,,,,,,,,,,,,,247,31,28,123,65,,,,,0,0,0,0,0,0,0,0,0,0
3/01/2014,0:00,3905,1163,1867,463,412,,,,,,,,,,,931,442,489,635,336,299,,,,,,,,,,,,,,,,,,,,,,,,,,,,,,,,,,,,,,,,,,,,,,,,,,201,23,23,77,78,,,,,0,0,0,0,0,0,0,0,0,0
4/01/2014,0:00,3066,770,1522,410,364,,,,,,,,,,,574,245,329,387,196,191,,,,,,,,,,,,,,,,,,,,,,,,,,,,,,,,,,,,,,,,,,,,,,,,,,124,12,17,57,38,,,,,0,0,0,0,0,0,0,0,0,0
5/01/2014,0:00,4550,1153,2102,654,641,,,,,,,,,,,941,398,543,570,300,270,,,,,,,,,,,,,,,,,,,,,,,,,,,,,,,,,,,,,,,,,,,,,,,,,,227,18,32,92,85,,,,,0,0,0,0,0,0,0,0,0,0
6/01/2014,0:00,3766,1405,1576,415,370,,,,,,,,,,,1087,528,559,908,469,439,,,,,,,,,,,,,,,,,,,,,,,,,,,,,,,,,,,,,,,,,,,,,,,,,,169,28,21,63,57,,,,,0,0,0,0,0,0,0,0,0,0
7/01/2014,0:00,5906,1697,2429,854,926,,,,,,,,,,,1461,718,743,1289,661,628,,,,,,,,,,,,,,,,,,,,,,,,,,,,,,,,,,,,,,,,,,,,,,,,,,245,55,41,82,67,,,,,0,0,0,0,0,0,0,0,0,0
8/01/2014,0:00,6248,2020,2832,679,717,,,,,,,,,,,1553,712,841,1253,641,612,,,,,,,,,,,,,,,,,,,,,,,,,,,,,,,,,,,,,,,,,,,,,,,,,,380,107,85,101,87,,,,,0,0,0,0,0,26,13,10,2,1
9/01/2014,0:00,5824,1732,2412,813,867,,,,,,,,,,,1436,672,764,1468,743,725,,,,,,,,,,,,,,,,,,,,,,,,,,,,,,,,,,,,,,,,,,,,,,,,,,376,113,74,95,94,,,,,1154,610,544,0,0,939,532,407,0,0
10/01/2014,0:00,4479,1478,1938,528,535,,,,,,,,,,,1251,574,677,1280,667,613,,,,,,,,,,,,,,,,,,,,,,,,,,,,,,,,,,,,,,,,,,,,,,,,,,311,90,42,104,75,,,,,5,1,4,0,0,21,20,1,0,0
11/01/2014,0:00,5215,1380,2525,671,639,,,,,,,,,,,1076,459,617,757,387,370,,,,,,,,,,,,,,,,,,,,,,,,,,,,,,,,,,,,,,,,,,,,,,,,,,191,21,19,79,72,,,,,0,0,0,0,0,23,18,5,0,0
12/01/2014,0:00,5346,1431,2597,659,659,,,,,,,,,,,1283,656,627,819,427,392,,,,,,,,,,,,,,,,,,,,,,,,,,,,,,,,,,,,,,,,,,,,,,,,,,447,158,41,127,121,,,,,0,0,0,0,0,0,0,0,0,0
13/01/2014,0:00,6386,1998,2539,862,987,,,,,,,,,,,1622,769,853,1571,819,752,,,,,,,,,,,,,,,,,,,,,,,,,,,,,,,,,,,,,,,,,,,,,,,,,,304,77,48,97,82,,,,,2,2,0,0,0,63,54,9,0,0
14/01/2014,0:00,7214,2270,3160,837,947,,,,,,,,,,,1878,874,1004,1586,831,755,,,,,,,,,,,,,,,,,,,,,,,,,,,,,,,,,,,,,,,,,,,,,,,,,,376,112,48,122,94,,,,,1,0,1,0,0,9,7,2,0,0
15/01/2014,0:00,6840,2210,2976,779,875,,,,,,,,,,,1716,788,928,1456,765,691,,,,,,,,,,,,,,,,,,,,,,,,,,,,,,,,,,,,,,,,,,,,,,,,,,269,43,30,108,88,,,,,0,0,0,0,0,5,5,0,0,0
16/01/2014,0:00,6426,2031,2799,758,838,,,,,,,,,,,1792,835,957,1505,782,723,,,,,,,,,,,,,,,,,,,,,,,,,,,,,,,,,,,,,,,,,,,,,,,,,,232,35,30,85,82,,,,,0,0,0,0,0,0,0,0,0,0
17/01/2014,0:00,5251,1647,2445,580,579,,,,,,,,,,,1445,621,824,1241,667,574,,,,,,,,,,,,,,,,,,,,,,,,,,,,,,,,,,,,,,,,,,,,,,,,,,247,55,42,86,64,,,,,2,2,0,0,0,7,7,0,0,0
18/01/2014,0:00,5288,1434,2620,615,619,,,,,,,,,,,1131,485,646,790,402,388,,,,,,,,,,,,,,,,,,,,,,,,,,,,,,,,,,,,,,,,,,,,,,,,,,286,60,35,86,105,,,,,0,0,0,0,0,0,0,0,0,0
19/01/2014,0:00,5470,1480,2666,665,659,,,,,,,,,,,1140,511,629,762,382,380,,,,,,,,,,,,,,,,,,,,,,,,,,,,,,,,,,,,,,,,,,,,,,,,,,198,31,26,69,72,,,,,0,0,0,0,0,0,0,0,0,0
20/01/2014,0:00,6387,2069,2627,799,892,,,,,,,,,,,1560,725,835,1451,761,690,,,,,,,,,,,,,,,,,,,,,,,,,,,,,,,,,,,,,,,,,,,,,,,,,,291,84,31,100,76,,,,,0,0,0,0,0,10,10,0,0,0
21/01/2014,0:00,6800,2223,2989,792,796,,,,,,,,,,,1798,877,921,1335,706,629,,,,,,,,,,,,,,,,,,,,,,,,,,,,,,,,,,,,,,,,,,,,,,,,,,297,54,48,109,86,,,,,0,0,0,0,0,6,6,0,0,0
22/01/2014,0:00,5789,1935,2675,587,592,,,,,,,,,,,1634,787,847,1162,609,553,,,,,,,,,,,,,,,,,,,,,,,,,,,,,,,,,,,,,,,,,,,,,,,,,,243,31,30,101,81,,,,,0,0,0,0,0,0,0,0,0,0
23/01/2014,0:00,3735,1426,1605,401,303,,,,,,,,,,,1190,625,565,1143,598,545,,,,,,,,,,,,,,,,,,,,,,,,,,,,,,,,,,,,,,,,,,,,,,,,,,191,71,17,47,56,,,,,0,0,0,0,0,0,0,0,0,0
24/01/2014,0:00,4149,1234,1801,543,571,,,,,,,,,,,1146,517,629,1390,733,657,,,,,,,,,,,,,,,,,,,,,,,,,,,,,,,,,,,,,,,,,,,,,,,,,,162,34,23,62,43,,,,,0,0,0,0,0,0,0,0,0,0
25/01/2014,0:00,4328,1084,2051,577,616,,,,,,,,,,,1011,472,539,867,434,433,,,,,,,,,,,,,,,,,,,,,,,,,,,,,,,,,,,,,,,,,,,,,,,,,,221,22,20,91,88,,,,,0,0,0,0,0,0,0,0,0,0
26/01/2014,0:00,4642,1259,2180,589,614,,,,,,,,,,,915,432,483,749,366,383,,,,,,,,,,,,,,,,,,,,,,,,,,,,,,,,,,,,,,,,,,,,,,,,,,164,13,19,66,66,,,,,0,0,0,0,0,0,0,0,0,0
27/01/2014,0:00,5249,1395,2352,764,738,,,,,,,,,,,1172,552,620,991,499,492,,,,,,,,,,,,,,,,,,,,,,,,,,,,,,,,,,,,,,,,,,,,,,,,,,320,81,28,97,114,,,,,0,0,0,0,0,0,0,0,0,0
28/01/2014,0:00,5883,1887,2473,722,801,,,,,,,,,,,1637,808,829,1790,913,877,,,,,,,,,,,,,,,,,,,,,,,,,,,,,,,,,,,,,,,,,,,,,,,,,,191,23,20,80,68,,,,,0,0,0,0,0,0,0,0,0,0
29/01/2014,0:00,6697,2136,2945,774,842,,,,,,,,,,,1755,829,926,1693,852,841,,,,,,,,,,,,,,,,,,,,,,,,,,,,,,,,,,,,,,,,,,,,,,,,,,215,28,28,93,66,,,,,0,0,0,0,0,0,0,0,0,0
30/01/2014,0:00,6511,2094,2927,716,774,,,,,,,,,,,1866,913,953,1628,838,790,,,,,,,,,,,,,,,,,,,,,,,,,,,,,,,,,,,,,,,,,,,,,,,,,,223,21,24,95,83,,,,,0,0,0,0,0,0,0,0,0,0
31/01/2014,0:00,5611,1721,2750,570,570,,,,,,,,,,,1634,795,839,1409,750,659,,,,,,,,,,,,,,,,,,,,,,,,,,,,,,,,,,,,,,,,,,,,,,,,,,202,22,22,86,72,,,,,0,0,0,0,0,0,0,0,0,0
1/02/2014,0:00,5638,1519,2731,690,698,,,,,,,,,,,1209,566,643,940,478,462,,,,,,,,,,,,,,,,,,,,,,,,,,,,,,,,,,,,,,,,,,,,,,,,,,249,25,21,110,93,,,,,0,0,0,0,0,0,0,0,0,0
2/02/2014,0:00,6099,1623,2864,815,797,,,,,,,,,,,1259,549,710,1011,520,491,,,,,,,,,,,,,,,,,,,,,,,,,,,,,,,,,,,,,,,,,,,,,,,,,,271,28,31,120,92,,,,,0,0,0,0,0,1,1,0,0,0
3/02/2014,0:00,5863,1982,2251,750,880,,,,,,,,,,,1604,781,823,1748,901,847,,,,,,,,,,,,,,,,,,,,,,,,,,,,,,,,,,,,,,,,,,,,,,,,,,201,29,15,82,75,,,,,0,0,0,0,0,0,0,0,0,0
4/02/2014,0:00,7611,2498,3349,821,943,,,,,,,,,,,1971,946,1025,1652,844,808,,,,,,,,,,,,,,,,,,,,,,,,,,,,,,,,,,,,,,,,,,,,,,,,,,223,39,16,94,74,,,,,0,0,0,0,0,0,0,0,0,0
5/02/2014,0:00,6363,2233,2915,584,631,,,,,,,,,,,1786,857,929,1520,798,722,,,,,,,,,,,,,,,,,,,,,,,,,,,,,,,,,,,,,,,,,,,,,,,,,,209,25,27,83,74,,,,,0,0,0,0,0,0,0,0,0,0
6/02/2014,0:00,6920,2215,3017,791,897,,,,,,,,,,,1790,849,941,1766,896,870,,,,,,,,,,,,,,,,,,,,,,,,,,,,,,,,,,,,,,,,,,,,,,,,,,196,27,25,75,69,,,,,0,0,0,0,0,0,0,0,0,0
7/02/2014,0:00,6140,1903,2895,657,685,,,,,,,,,,,1698,794,904,1585,807,778,,,,,,,,,,,,,,,,,,,,,,,,,,,,,,,,,,,,,,,,,,,,,,,,,,206,27,21,84,74,,,,,0,0,0,0,0,0,0,0,0,0
8/02/2014,0:00,5518,1528,2758,609,623,,,,,,,,,,,1119,548,571,868,434,434,,,,,,,,,,,,,,,,,,,,,,,,,,,,,,,,,,,,,,,,,,,,,,,,,,182,16,20,79,67,,,,,0,0,0,0,0,0,0,0,0,0
9/02/2014,0:00,5872,1516,2838,777,741,,,,,,,,,,,1263,584,679,1006,512,494,,,,,,,,,,,,,,,,,,,,,,,,,,,,,,,,,,,,,,,,,,,,,,,,,,254,22,26,111,95,,,,,0,0,0,0,0,0,0,0,0,0
10/02/2014,0:00,6576,2207,2663,772,934,,,,,,,,,,,1735,838,897,1650,871,779,,,,,,,,,,,,,,,,,,,,,,,,,,,,,,,,,,,,,,,,,,,,,,,,,,199,29,27,74,69,,,,,0,0,0,0,0,0,0,0,0,0
11/02/2014,0:00,7386,2428,3265,806,887,,,,,,,,,,,1997,991,1006,1845,943,902,,,,,,,,,,,,,,,,,,,,,,,,,,,,,,,,,,,,,,,,,,,,,,,,,,256,38,31,97,90,,,,,0,0,0,0,0,0,0,0,0,0
12/02/2014,0:00,7304,2425,3229,781,869,,,,,,,,,,,1857,882,975,1646,853,793,,,,,,,,,,,,,,,,,,,,,,,,,,,,,,,,,,,,,,,,,,,,,,,,,,311,59,33,118,101,,,,,0,0,0,0,0,0,0,0,0,0
13/02/2014,0:00,6605,2196,2915,684,810,,,,,,,,,,,1965,965,1000,1631,847,784,,,,,,,,,,,,,,,,,,,,,,,,,,,,,,,,,,,,,,,,,,,,,,,,,,330,46,40,137,107,,,,,0,0,0,0,0,0,0,0,0,0
14/02/2014,0:00,5696,1852,2707,552,585,,,,,,,,,,,1526,706,820,1735,955,780,,,,,,,,,,,,,,,,,,,,,,,,,,,,,,,,,,,,,,,,,,,,,,,,,,248,39,50,84,75,,,,,0,0,0,0,0,0,0,0,0,0
15/02/2014,0:00,5085,1353,2503,629,600,,,,,,,,,,,1050,462,588,684,345,339,,,,,,,,,,,,,,,,,,,,,,,,,,,,,,,,,,,,,,,,,,,,,,,,,,194,28,23,81,62,,,,,0,0,0,0,0,0,0,0,0,0
16/02/2014,0:00,5060,1394,2481,616,569,,,,,,,,,,,1199,556,643,733,355,378,,,,,,,,,,,,,,,,,,,,,,,,,,,,,,,,,,,,,,,,,,,,,,,,,,201,25,24,82,70,,,,,0,0,0,0,0,0,0,0,0,0
17/02/2014,0:00,6150,2126,2481,755,788,,,,,,,,,,,1680,805,875,1584,827,757,,,,,,,,,,,,,,,,,,,,,,,,,,,,,,,,,,,,,,,,,,,,,,,,,,292,60,50,98,84,,,,,0,0,0,0,0,0,0,0,0,0
18/02/2014,0:00,4826,1592,1810,663,761,,,,,,,,,,,1371,666,705,1819,952,867,,,,,,,,,,,,,,,,,,,,,,,,,,,,,,,,,,,,,,,,,,,,,,,,,,261,46,26,107,82,,,,,0,0,0,0,0,0,0,0,0,0
19/02/2014,0:00,6880,2356,3056,690,778,,,,,,,,,,,1897,898,999,1608,844,764,,,,,,,,,,,,,,,,,,,,,,,,,,,,,,,,,,,,,,,,,,,,,,,,,,291,57,38,103,93,,,,,0,0,0,0,0,0,0,0,0,0
20/02/2014,0:00,6103,2024,2711,651,717,,,,,,,,,,,1856,922,934,1554,847,707,,,,,,,,,,,,,,,,,,,,,,,,,,,,,,,,,,,,,,,,,,,,,,,,,,258,35,33,108,82,,,,,0,0,0,0,0,0,0,0,0,0
21/02/2014,0:00,5358,1763,2609,499,487,,,,,,,,,,,1603,755,848,1301,707,594,,,,,,,,,,,,,,,,,,,,,,,,,,,,,,,,,,,,,,,,,,,,,,,,,,156,13,14,75,54,,,,,0,0,0,0,0,0,0,0,0,0
22/02/2014,0:00,4690,1298,2167,619,606,,,,,,,,,,,990,443,547,982,487,495,,,,,,,,,,,,,,,,,,,,,,,,,,,,,,,,,,,,,,,,,,,,,,,,,,174,16,28,71,59,,,,,0,0,0,0,0,0,0,0,0,0
23/02/2014,0:00,5637,1423,2569,847,798,,,,,,,,,,,1322,592,730,1047,529,518,,,,,,,,,,,,,,,,,,,,,,,,,,,,,,,,,,,,,,,,,,,,,,,,,,168,21,18,68,61,,,,,0,0,0,0,0,0,0,0,0,0
24/02/2014,0:00,5634,1879,2157,758,840,,,,,,,,,,,1654,786,868,2155,1122,1033,,,,,,,,,,,,,,,,,,,,,,,,,,,,,,,,,,,,,,,,,,,,,,,,,,180,33,21,66,60,,,,,0,0,0,0,0,0,0,0,0,0
25/02/2014,0:00,7042,2285,2943,867,947,,,,,,,,,,,2125,1068,1057,2270,1168,1102,,,,,,,,,,,,,,,,,,,,,,,,,,,,,,,,,,,,,,,,,,,,,,,,,,260,37,30,105,88,,,,,0,0,0,0,0,0,0,0,0,0
26/02/2014,0:00,7416,2438,3257,799,922,,,,,,,,,,,2215,1095,1120,2642,1445,1197,,,,,,,,,,,,,,,,,,,,,,,,,,,,,,,,,,,,,,,,,,,,,,,,,,253,26,23,116,88,,,,,0,0,0,0,0,0,0,0,0,0
27/02/2014,0:00,6792,2317,2930,733,812,,,,,,,,,,,2158,1048,1110,1888,998,890,,,,,,,,,,,,,,,,,,,,,,,,,,,,,,,,,,,,,,,,,,,,,,,,,,240,32,29,98,81,,,,,0,0,0,0,0,0,0,0,0,0
28/02/2014,0:00,5153,1638,2373,557,585,,,,,,,,,,,1680,813,867,1830,977,853,,,,,,,,,,,,,,,,,,,,,,,,,,,,,,,,,,,,,,,,,,,,,,,,,,225,25,26,94,80,,,,,0,0,0,0,0,0,0,0,0,0
1/03/2014,0:00,5190,1314,2513,688,675,,,,,,,,,,,1215,531,684,1142,602,540,,,,,,,,,,,,,,,,,,,,,,,,,,,,,,,,,,,,,,,,,,,,,,,,,,248,89,25,73,61,,,,,0,0,0,0,0,0,0,0,0,0
2/03/2014,0:00,5823,1508,2679,822,814,,,,,,,,,,,1373,670,703,1234,630,604,,,,,,,,,,,,,,,,,,,,,,,,,,,,,,,,,,,,,,,,,,,,,,,,,,224,50,29,79,66,,,,,0,0,0,0,0,0,0,0,0,0
3/03/2014,0:00,5569,1902,2252,665,750,,,,,,,,,,,1986,967,1019,3349,1718,1631,,,,,,,,,,,,,,,,,,,,,,,,,,,,,,,,,,,,,,,,,,,,,,,,,,212,34,32,80,66,,,,,0,0,0,0,0,0,0,0,0,0
4/03/2014,0:00,5784,1885,2327,740,832,,,,,,,,,,,2325,1146,1179,3450,1782,1668,,,,,,,,,,,,,,,,,,,,,,,,,,,,,,,,,,,,,,,,,,,,,,,,,,253,83,40,71,59,,,,,0,0,0,0,0,0,0,0,0,0
5/03/2014,0:00,5383,1765,2185,653,780,,,,,,,,,,,2211,1086,1125,3296,1693,1603,,,,,,,,,,,,,,,,,,,,,,,,,,,,,,,,,,,,,,,,,,,,,,,,,,214,72,15,65,62,,,,,0,0,0,0,0,0,0,0,0,0
6/03/2014,0:00,7172,2348,3182,789,853,,,,,,,,,,,2717,1337,1380,3334,1733,1601,,,,,,,,,,,,,,,,,,,,,,,,,,,,,,,,,,,,,,,,,,,,,,,,,,352,118,25,103,106,,,,,0,0,0,0,0,0,0,0,0,0
7/03/2014,0:00,5818,1915,2717,593,593,,,,,,,,,,,2177,1030,1147,2595,1385,1210,,,,,,,,,,,,,,,,,,,,,,,,,,,,,,,,,,,,,,,,,,,,,,,,,,204,27,25,84,68,,,,,0,0,0,0,0,0,0,0,0,0
8/03/2014,0:00,4541,1185,2063,644,649,,,,,,,,,,,1246,620,626,1227,604,623,,,,,,,,,,,,,,,,,,,,,,,,,,,,,,,,,,,,,,,,,,,,,,,,,,163,18,17,71,57,,,,,0,0,0,0,0,0,0,0,0,0
9/03/2014,0:00,5083,1349,2334,696,704,,,,,,,,,,,1239,579,660,1225,634,591,,,,,,,,,,,,,,,,,,,,,,,,,,,,,,,,,,,,,,,,,,,,,,,,,,180,21,12,81,66,,,,,0,0,0,0,0,0,0,0,0,0
10/03/2014,0:00,5748,1908,2218,750,872,,,,,,,,,,,2331,1137,1194,3336,1723,1613,,,,,,,,,,,,,,,,,,,,,,,,,,,,,,,,,,,,,,,,,,,,,,,,,,245,116,20,59,50,,,,,0,0,0,0,0,0,0,0,0,0
11/03/2014,0:00,5664,1812,2260,711,881,,,,,,,,,,,2183,1108,1075,3480,1793,1687,,,,,,,,,,,,,,,,,,,,,,,,,,,,,,,,,,,,,,,,,,,,,,,,,,201,37,12,74,78,,,,,0,0,0,0,0,0,0,0,0,0
12/03/2014,0:00,7233,2511,3108,766,848,,,,,,,,,,,2750,1339,1411,3378,1745,1633,,,,,,,,,,,,,,,,,,,,,,,,,,,,,,,,,,,,,,,,,,,,,,,,,,246,49,27,88,82,,,,,0,0,0,0,0,0,0,0,0,0
13/03/2014,0:00,6666,2192,2977,704,793,,,,,,,,,,,2742,1351,1391,3320,1735,1585,,,,,,,,,,,,,,,,,,,,,,,,,,,,,,,,,,,,,,,,,,,,,,,,,,306,94,20,99,93,,,,,0,0,0,0,0,0,0,0,0,0
14/03/2014,0:00,5666,1935,2591,572,568,,,,,,,,,,,2223,1056,1167,2693,1434,1259,,,,,,,,,,,,,,,,,,,,,,,,,,,,,,,,,,,,,,,,,,,,,,,,,,246,65,22,85,74,,,,,0,0,0,0,0,0,0,0,0,0
15/03/2014,0:00,5030,1349,2326,684,671,,,,,,,,,,,1282,589,693,1138,580,558,,,,,,,,,,,,,,,,,,,,,,,,,,,,,,,,,,,,,,,,,,,,,,,,,,147,39,10,53,45,,,,,0,0,0,0,0,0,0,0,0,0
16/03/2014,0:00,5014,1350,2282,698,684,,,,,,,,,,,1361,631,730,1076,556,520,,,,,,,,,,,,,,,,,,,,,,,,,,,,,,,,,,,,,,,,,,,,,,,,,,172,19,11,73,69,,,,,0,0,0,0,0,0,0,0,0,0
17/03/2014,0:00,5990,2096,2416,674,804,,,,,,,,,,,2513,1257,1256,2763,1467,1296,,,,,,,,,,,,,,,,,,,,,,,,,,,,,,,,,,,,,,,,,,,,,,,,,,222,30,22,92,78,,,,,0,0,0,0,0,0,0,0,0,0
18/03/2014,0:00,6239,2187,2574,679,799,,,,,,,,,,,2589,1302,1287,2963,1578,1385,,,,,,,,,,,,,,,,,,,,,,,,,,,,,,,,,,,,,,,,,,,,,,,,,,212,32,20,84,76,,,,,0,0,0,0,0,0,0,0,0,0
19/03/2014,0:00,6794,2328,2935,728,803,,,,,,,,,,,2680,1281,1399,3083,1641,1442,,,,,,,,,,,,,,,,,,,,,,,,,,,,,,,,,,,,,,,,,,,,,,,,,,203,30,18,80,75,,,,,0,0,0,0,0,0,0,0,0,0
20/03/2014,0:00,6402,2204,2699,707,792,,,,,,,,,,,2582,1272,1310,3124,1634,1490,,,,,,,,,,,,,,,,,,,,,,,,,,,,,,,,,,,,,,,,,,,,,,,,,,196,29,24,76,67,,,,,0,0,0,0,0,0,0,0,0,0
21/03/2014,0:00,5598,1790,2615,608,585,,,,,,,,,,,2152,1071,1081,2688,1429,1259,,,,,,,,,,,,,,,,,,,,,,,,,,,,,,,,,,,,,,,,,,,,,,,,,,237,26,29,98,84,,,,,0,0,0,0,0,0,0,0,0,0
22/03/2014,0:00,5088,1325,2358,698,707,,,,,,,,,,,1151,512,639,1260,642,618,,,,,,,,,,,,,,,,,,,,,,,,,,,,,,,,,,,,,,,,,,,,,,,,,,271,55,22,99,95,,,,,0,0,0,0,0,0,0,0,0,0
23/03/2014,0:00,5708,1592,2626,772,718,,,,,,,,,,,1306,567,739,6506,5583,923,,,,,,,,,,,,,,,,,,,,,,,,,,,,,,,,,,,,,,,,,,,,,,,,,,256,52,30,88,86,,,,,0,0,0,0,0,0,0,0,0,0
24/03/2014,0:00,6346,2122,2560,787,877,,,,,,,,,,,2521,1222,1299,3308,1702,1606,,,,,,,,,,,,,,,,,,,,,,,,,,,,,,,,,,,,,,,,,,,,,,,,,,210,30,19,82,79,,,,,0,0,0,0,0,0,0,0,0,0
25/03/2014,0:00,4953,1822,2067,527,537,,,,,,,,,,,2076,1059,1017,3094,1576,1518,,,,,,,,,,,,,,,,,,,,,,,,,,,,,,,,,,,,,,,,,,,,,,,,,,136,22,10,65,39,,,,,0,0,0,0,0,0,0,0,0,0
26/03/2014,0:00,3136,1048,1242,394,452,,,,,,,,,,,1672,819,853,2937,1522,1415,,,,,,,,,,,,,,,,,,,,,,,,,,,,,,,,,,,,,,,,,,,,,,,,,,119,20,18,42,39,,,,,0,0,0,0,0,0,0,0,0,0
27/03/2014,0:00,2514,980,1006,271,257,,,,,,,,,,,1095,571,524,2164,1295,869,,,,,,,,,,,,,,,,,,,,,,,,,,,,,,,,,,,,,,,,,,,,,,,,,,89,15,8,34,32,,,,,0,0,0,0,0,0,0,0,0,0
28/03/2014,0:00,2837,850,1111,432,444,,,,,,,,,,,1278,607,671,2467,1291,1176,,,,,,,,,,,,,,,,,,,,,,,,,,,,,,,,,,,,,,,,,,,,,,,,,,83,23,13,29,18,,,,,0,0,0,0,0,0,0,0,0,0
29/03/2014,0:00,5180,1302,2397,763,718,,,,,,,,,,,1186,548,638,1118,556,562,,,,,,,,,,,,,,,,,,,,,,,,,,,,,,,,,,,,,,,,,,,,,,,,,,142,18,9,59,56,,,,,0,0,0,0,0,0,0,0,0,0
30/03/2014,0:00,4085,952,1829,650,654,,,,,,,,,,,906,428,478,1166,584,582,,,,,,,,,,,,,,,,,,,,,,,,,,,,,,,,,,,,,,,,,,,,,,,,,,177,21,21,72,63,,,,,0,0,0,0,0,0,0,0,0,0
31/03/2014,0:00,6246,2086,2440,807,913,,,,,,,,,,,2470,1198,1272,3251,1637,1614,,,,,,,,,,,,,,,,,,,,,,,,,,,,,,,,,,,,,,,,,,,,,,,,,,219,75,15,76,53,,,,,0,0,0,0,0,0,0,0,0,0
1/04/2014,0:00,7290,2456,3192,777,865,,,,,,,,,,,2775,1371,1404,3291,1679,1612,,,,,,,,,,,,,,,,,,,,,,,,,,,,,,,,,,,,,,,,,,,,,,,,,,283,80,20,96,87,,,,,0,0,0,0,0,0,0,0,0,0
2/04/2014,0:00,6877,2350,2979,729,819,,,,,,,,,,,2553,1253,1300,3132,1616,1516,,,,,,,,,,,,,,,,,,,,,,,,,,,,,,,,,,,,,,,,,,,,,,,,,,227,25,25,94,83,,,,,0,0,0,0,0,0,0,0,0,0
3/04/2014,0:00,6275,2231,2676,646,722,,,,,,,,,,,2575,1275,1300,3249,1679,1570,,,,,,,,,,,,,,,,,,,,,,,,,,,,,,,,,,,,,,,,,,,,,,,,,,317,103,29,95,90,,,,,0,0,0,0,0,0,0,0,0,0
4/04/2014,0:00,5858,1916,2680,631,631,,,,,,,,,,,2121,1029,1092,2641,1397,1244,,,,,,,,,,,,,,,,,,,,,,,,,,,,,,,,,,,,,,,,,,,,,,,,,,260,61,18,96,85,,,,,0,0,0,0,0,0,0,0,0,0
5/04/2014,0:00,5266,1518,2485,624,639,,,,,,,,,,,1322,651,671,1613,813,800,,,,,,,,,,,,,,,,,,,,,,,,,,,,,,,,,,,,,,,,,,,,,,,,,,204,27,18,83,76,,,,,0,0,0,0,0,0,0,0,0,0
6/04/2014,0:00,4750,1347,2370,511,522,,,,,,,,,,,1287,615,672,1120,563,557,,,,,,,,,,,,,,,,,,,,,,,,,,,,,,,,,,,,,,,,,,,,,,,,,,207,29,27,85,66,,,,,0,0,0,0,0,0,0,0,0,0
7/04/2014,0:00,5898,1925,2352,759,862,,,,,,,,,,,2283,1100,1183,3180,1612,1568,,,,,,,,,,,,,,,,,,,,,,,,,,,,,,,,,,,,,,,,,,,,,,,,,,391,199,32,86,74,,,,,0,0,0,0,0,0,0,0,0,0
8/04/2014,0:00,6516,2199,2808,725,784,,,,,,,,,,,2527,1248,1279,3269,1684,1585,,,,,,,,,,,,,,,,,,,,,,,,,,,,,,,,,,,,,,,,,,,,,,,,,,302,103,25,93,81,,,,,0,0,0,0,0,0,0,0,0,0
9/04/2014,0:00,6767,2208,2894,796,869,,,,,,,,,,,2599,1249,1350,2955,1524,1431,,,,,,,,,,,,,,,,,,,,,,,,,,,,,,,,,,,,,,,,,,,,,,,,,,277,62,33,97,85,,,,,0,0,0,0,0,0,0,0,0,0
10/04/2014,0:00,6374,2197,2682,688,807,,,,,,,,,,,2480,1174,1306,3250,1637,1613,,,,,,,,,,,,,,,,,,,,,,,,,,,,,,,,,,,,,,,,,,,,,,,,,,314,56,32,120,106,,,,,0,0,0,0,0,0,0,0,0,0
11/04/2014,0:00,5651,1887,2497,633,634,,,,,,,,,,,2084,986,1098,2517,1334,1183,,,,,,,,,,,,,,,,,,,,,,,,,,,,,,,,,,,,,,,,,,,,,,,,,,219,35,25,89,70,,,,,0,0,0,0,0,0,0,0,0,0
12/04/2014,0:00,4833,1272,2276,651,634,,,,,,,,,,,1365,640,725,1959,992,967,,,,,,,,,,,,,,,,,,,,,,,,,,,,,,,,,,,,,,,,,,,,,,,,,,222,26,20,99,77,,,,,0,0,0,0,0,0,0,0,0,0
13/04/2014,0:00,3613,1010,1763,415,425,,,,,,,,,,,989,449,540,899,449,450,,,,,,,,,,,,,,,,,,,,,,,,,,,,,,,,,,,,,,,,,,,,,,,,,,127,20,17,47,43,,,,,0,0,0,0,0,0,0,0,0,0
14/04/2014,0:00,4347,1354,1592,659,742,,,,,,,,,,,1785,862,923,2982,1542,1440,,,,,,,,,,,,,,,,,,,,,,,,,,,,,,,,,,,,,,,,,,,,,,,,,,156,35,25,45,51,,,,,0,0,0,0,0,0,0,0,0,0
15/04/2014,0:00,6444,2083,2681,813,867,,,,,,,,,,,2425,1189,1236,3266,1704,1562,,,,,,,,,,,,,,,,,,,,,,,,,,,,,,,,,,,,,,,,,,,,,,,,,,268,50,25,103,90,,,,,0,0,0,0,0,0,0,0,0,0
16/04/2014,0:00,6446,2200,2770,705,771,,,,,,,,,,,2253,1107,1146,2923,1517,1406,,,,,,,,,,,,,,,,,,,,,,,,,,,,,,,,,,,,,,,,,,,,,,,,,,237,44,23,95,75,,,,,0,0,0,0,0,0,0,0,0,0
17/04/2014,0:00,5134,1763,2334,519,518,,,,,,,,,,,2058,1000,1058,2788,1430,1358,,,,,,,,,,,,,,,,,,,,,,667,267,211,99,90,,,,,,,,,,,,,,,,,,,,,,,,250,57,32,80,81,,,,,0,0,0,0,0,0,0,0,0,0
18/04/2014,0:00,5553,1465,2444,818,826,,,,,,,,,,,1168,488,680,1056,521,535,,,,,,,,,,,,,,,,,,,,,,1663,294,271,562,536,,,,,,,,,,,,,,,,,,,,,,,,239,37,34,91,77,,,,,0,0,0,0,0,0,0,0,0,0
19/04/2014,0:00,4215,1136,1902,609,568,,,,,,,,,,,861,369,492,777,403,374,,,,,,,,,,,,,,,,,,,,,,1258,239,221,398,400,,,,,,,,,,,,,,,,,,,,,,,,257,40,29,100,88,,,,,0,0,0,0,0,0,0,0,0,0
20/04/2014,0:00,4120,1107,1611,700,702,,,,,,,,,,,891,415,476,778,387,391,,,,,,,,,,,,,,,,,,,,,,1348,266,235,429,418,,,,,,,,,,,,,,,,,,,,,,,,215,26,25,90,74,,,,,0,0,0,0,0,0,0,0,0,0
21/04/2014,0:00,5641,1615,2449,810,767,,,,,,,,,,,1334,615,719,1149,570,579,,,,,,,,,,,,,,,,,,,,,,1871,335,305,595,636,,,,,,,,,,,,,,,,,,,,,,,,273,42,29,109,93,,,,,0,0,0,0,0,0,0,0,0,0
22/04/2014,0:00,5889,1863,2405,772,849,,,,,,,,,,,1581,760,821,1699,871,828,,,,,,,,,,,,,,,,,,,,,,1093,282,220,299,292,,,,,,,,,,,,,,,,,,,,,,,,218,34,21,87,76,,,,,0,0,0,0,0,0,0,0,0,0
23/04/2014,0:00,6312,2098,2676,748,790,,,,,,,,,,,1667,783,884,1715,868,847,,,,,,,,,,,,,,,,,,,,,,1244,312,242,355,335,,,,,,,,,,,,,,,,,,,,,,,,231,34,29,90,78,,,,,0,0,0,0,0,0,0,0,0,0
24/04/2014,0:00,5391,1763,2335,646,647,,,,,,,,,,,1679,803,876,1586,842,744,,,,,,,,,,,,,,,,,,,,,,1082,235,243,304,300,,,,,,,,,,,,,,,,,,,,,,,,204,21,20,87,76,,,,,0,0,0,0,0,0,0,0,0,0
25/04/2014,0:00,5743,1644,2454,861,784,,,,,,,,,,,1217,566,651,1145,577,568,,,,,,,,,,,,,,,,,,,,,,1787,314,288,581,604,,,,,,,,,,,,,,,,,,,,,,,,249,26,33,103,87,,,,,0,0,0,0,0,0,0,0,0,0
26/04/2014,0:00,4615,1350,1965,650,650,,,,,,,,,,,969,444,525,1066,542,524,,,,,,,,,,,,,,,,,,,,,,1350,339,236,392,383,,,,,,,,,,,,,,,,,,,,,,,,194,17,9,83,85,,,,,0,0,0,0,0,0,0,0,0,0
27/04/2014,0:00,4982,1468,2287,625,602,,,,,,,,,,,1215,589,626,1059,538,521,,,,,,,,,,,,,,,,,,,,,,1875,601,247,510,517,,,,,,,,,,,,,,,,,,,,,,,,213,25,22,89,77,,,,,0,0,0,0,0,0,0,0,0,0
28/04/2014,0:00,3783,1180,1312,611,680,,,,,,,,,,,1301,639,662,2954,1513,1441,,,,,,,,,,,,,,,,,,,,,,623,180,170,132,141,,,,,,,,,,,,,,,,,,,,,,,,137,24,22,47,44,,,,,0,0,0,0,0,0,0,0,0,0
29/04/2014,0:00,7043,2338,2979,819,907,,,,,,,,,,,2369,1163,1206,3258,1695,1563,,,,,,,,,,,,,,,,,,,,,,1285,366,248,333,338,,,,,,,,,,,,,,,,,,,,,,,,232,34,17,92,89,,,,,0,0,0,0,0,0,0,0,0,0
30/04/2014,0:00,6539,2295,2857,658,729,,,,,,,,,,,2351,1116,1235,3014,1542,1472,,,,,,,,,,,,,,,,,,,,,,1431,598,231,292,310,,,,,,,,,,,,,,,,,,,,,,,,246,31,34,96,85,,,,,0,0,0,0,0,0,0,0,0,0
1/05/2014,0:00,5692,1932,2402,639,719,,,,,,,,,,,2245,1101,1144,2925,1482,1443,,,,,,,,,,,,,,,,,,,,,,928,197,198,264,269,,,,,,,,,,,,,,,,,,,,,,,,220,25,30,89,76,,,,,0,0,0,0,0,0,0,0,0,0
2/05/2014,0:00,2910,972,1245,353,340,,,,,,,,,,,1382,640,742,2165,1129,1036,,,,,,,,,,,,,,,,,,,,,,354,83,87,93,91,,,,,,,,,,,,,,,,,,,,,,,,110,15,16,43,36,,,,,0,0,0,0,0,0,0,0,0,0
3/05/2014,0:00,4505,1202,1884,692,727,,,,,,,,,,,994,466,528,1662,841,821,,,,,,,,,,,,,,,,,,,,,,1190,259,238,336,357,,,,,,,,,,,,,,,,,,,,,,,,234,34,22,107,71,,,,,0,0,0,0,0,0,0,0,0,0
4/05/2014,0:00,4702,1218,2037,731,716,,,,,,,,,,,1335,423,912,1341,670,671,,,,,,,,,,,,,,,,,,,,,,1253,259,240,365,389,,,,,,,,,,,,,,,,,,,,,,,,137,32,19,47,39,,,,,0,0,0,0,0,0,0,0,0,0
5/05/2014,0:00,5657,1916,2181,747,813,,,,,,,,,,,2178,1059,1119,3080,1611,1469,,,,,,,,,,,,,,,,,,,,,,911,230,223,219,239,,,,,,,,,,,,,,,,,,,,,,,,175,29,21,64,61,,,,,0,0,0,0,0,0,0,0,0,0
6/05/2014,0:00,6607,2242,2710,772,883,,,,,,,,,,,2428,1194,1234,3124,1616,1508,,,,,,,,,,,,,,,,,,,,,,1118,291,205,302,320,,,,,,,,,,,,,,,,,,,,,,,,218,36,26,82,74,,,,,0,0,0,0,0,0,0,0,0,0
7/05/2014,0:00,6143,2053,2654,698,738,,,,,,,,,,,2340,1123,1217,3022,1549,1473,,,,,,,,,,,,,,,,,,,,,,1174,476,211,251,236,,,,,,,,,,,,,,,,,,,,,,,,181,19,21,77,64,,,,,0,0,0,0,0,0,0,0,0,0
8/05/2014,0:00,5464,1834,2284,657,689,,,,,,,,,,,2273,1087,1186,2993,1571,1422,,,,,,,,,,,,,,,,,,,,,,1200,539,182,224,255,,,,,,,,,,,,,,,,,,,,,,,,189,33,27,66,63,,,,,0,0,0,0,0,0,0,0,0,0
9/05/2014,0:00,5295,1766,2364,594,571,,,,,,,,,,,2090,1003,1087,2612,1360,1252,,,,,,,,,,,,,,,,,,,,,,1758,1110,171,245,232,,,,,,,,,,,,,,,,,,,,,,,,214,27,31,82,74,,,,,0,0,0,0,0,0,0,0,0,0
10/05/2014,0:00,4795,1315,2122,662,696,,,,,,,,,,,1037,475,562,1217,604,613,,,,,,,,,,,,,,,,,,,,,,1170,268,202,349,351,,,,,,,,,,,,,,,,,,,,,,,,183,29,21,73,60,,,,,0,0,0,0,0,0,0,0,0,0
11/05/2014,0:00,4860,1296,1923,815,826,,,,,,,,,,,1298,635,663,1507,761,746,,,,,,,,,,,,,,,,,,,,,,1713,366,288,532,527,,,,,,,,,,,,,,,,,,,,,,,,206,28,17,71,90,,,,,0,0,0,0,0,0,0,0,0,0
12/05/2014,0:00,5680,1948,2238,712,782,,,,,,,,,,,2187,1068,1119,2945,1522,1423,,,,,,,,,,,,,,,,,,,,,,1016,253,211,263,289,,,,,,,,,,,,,,,,,,,,,,,,190,25,17,76,72,,,,,0,0,0,0,0,0,0,0,0,0
13/05/2014,0:00,6950,2357,2850,820,923,,,,,,,,,,,2517,1234,1283,3232,1652,1580,,,,,,,,,,,,,,,,,,,,,,1115,274,220,314,307,,,,,,,,,,,,,,,,,,,,,,,,269,33,33,104,99,,,,,0,0,0,0,0,0,0,0,0,0
14/05/2014,0:00,6219,2084,2555,761,819,,,,,,,,,,,2367,1149,1218,3042,1572,1470,,,,,,,,,,,,,,,,,,,,,,999,210,186,293,310,,,,,,,,,,,,,,,,,,,,,,,,209,31,28,77,73,,,,,0,0,0,0,0,0,0,0,0,0
15/05/2014,0:00,6157,2037,2584,713,823,,,,,,,,,,,2349,1126,1223,3109,1572,1537,,,,,,,,,,,,,,,,,,,,,,1126,299,202,299,326,,,,,,,,,,,,,,,,,,,,,,,,211,32,23,84,72,,,,,0,0,0,0,0,0,0,0,0,0
16/05/2014,0:00,5041,1685,2284,541,531,,,,,,,,,,,1924,922,1002,2360,1228,1132,,,,,,,,,,,,,,,,,,,,,,675,158,137,192,188,,,,,,,,,,,,,,,,,,,,,,,,172,32,18,63,59,,,,,0,0,0,0,0,0,0,0,0,0
17/05/2014,0:00,4701,1273,2058,683,687,,,,,,,,,,,1165,514,651,1334,679,655,,,,,,,,,,,,,,,,,,,,,,1343,286,230,423,404,,,,,,,,,,,,,,,,,,,,,,,,187,35,23,57,72,,,,,0,0,0,0,0,0,0,0,0,0
18/05/2014,0:00,5068,1315,2237,754,762,,,,,,,,,,,1266,619,647,1412,682,730,,,,,,,,,,,,,,,,,,,,,,1732,334,305,554,539,,,,,,,,,,,,,,,,,,,,,,,,247,31,41,92,83,,,,,0,0,0,0,0,0,0,0,0,0
19/05/2014,0:00,5798,1997,2216,740,845,,,,,,,,,,,2088,1014,1074,2936,1527,1409,,,,,,,,,,,,,,,,,,,,,,897,244,186,234,233,,,,,,,,,,,,,,,,,,,,,,,,193,30,20,74,69,,,,,0,0,0,0,0,0,0,0,0,0
20/05/2014,0:00,6643,2224,2813,777,829,,,,,,,,,,,2538,1243,1295,3134,1613,1521,,,,,,,,,,,,,,,,,,,,,,1117,254,230,307,326,,,,,,,,,,,,,,,,,,,,,,,,238,33,23,96,86,,,,,0,0,0,0,0,0,0,0,0,0
21/05/2014,0:00,6724,2292,2840,762,830,,,,,,,,,,,2471,1183,1288,2969,1541,1428,,,,,,,,,,,,,,,,,,,,,,1062,246,213,300,303,,,,,,,,,,,,,,,,,,,,,,,,232,31,32,91,78,,,,,0,0,0,0,0,0,0,0,0,0
22/05/2014,0:00,5966,1940,2512,730,784,,,,,,,,,,,2375,1142,1233,2894,1500,1394,,,,,,,,,,,,,,,,,,,,,,999,235,213,269,282,,,,,,,,,,,,,,,,,,,,,,,,235,32,27,88,88,,,,,0,0,0,0,0,0,0,0,0,0
23/05/2014,0:00,5473,1852,2439,590,592,,,,,,,,,,,2084,992,1092,2566,1335,1231,,,,,,,,,,,,,,,,,,,,,,960,216,191,271,282,,,,,,,,,,,,,,,,,,,,,,,,183,22,20,68,73,,,,,0,0,0,0,0,0,0,0,0,0
24/05/2014,0:00,5473,1416,2377,911,769,,,,,,,,,,,1163,517,646,1341,697,644,,,,,,,,,,,,,,,,,,,,,,1507,276,275,469,487,,,,,,,,,,,,,,,,,,,,,,,,199,25,23,98,53,,,,,0,0,0,0,0,0,0,0,0,0
25/05/2014,0:00,5704,1540,2348,918,898,,,,,,,,,,,1447,707,740,2121,1003,1118,,,,,,,,,,,,,,,,,,,,,,1863,314,306,622,621,,,,,,,,,,,,,,,,,,,,,,,,234,28,33,89,84,,,,,0,0,0,0,0,0,0,0,0,0
26/05/2014,0:00,6213,2095,2411,800,907,,,,,,,,,,,2308,1131,1177,2901,1483,1418,,,,,,,,,,,,,,,,,,,,,,952,196,183,282,291,,,,,,,,,,,,,,,,,,,,,,,,215,23,24,86,82,,,,,0,0,0,0,0,0,0,0,0,0
27/05/2014,0:00,6873,2338,2833,800,902,,,,,,,,,,,2595,1262,1333,3118,1611,1507,,,,,,,,,,,,,,,,,,,,,,1163,254,234,336,339,,,,,,,,,,,,,,,,,,,,,,,,308,69,53,100,86,,,,,0,0,0,0,0,0,0,0,0,0
28/05/2014,0:00,6550,2275,2824,673,778,,,,,,,,,,,2504,1206,1298,2916,1505,1411,,,,,,,,,,,,,,,,,,,,,,1076,220,230,314,312,,,,,,,,,,,,,,,,,,,,,,,,250,52,48,75,75,,,,,0,0,0,0,0,0,0,0,0,0
29/05/2014,0:00,6068,2089,2541,682,756,,,,,,,,,,,2276,1099,1177,2977,1504,1473,,,,,,,,,,,,,,,,,,,,,,997,216,197,288,296,,,,,,,,,,,,,,,,,,,,,,,,280,64,37,90,89,,,,,0,0,0,0,0,0,0,0,0,0
30/05/2014,0:00,5127,1669,2282,594,582,,,,,,,,,,,1893,892,1001,2463,1314,1149,,,,,,,,,,,,,,,,,,,,,,750,174,163,201,212,,,,,,,,,,,,,,,,,,,,,,,,170,26,17,61,66,,,,,0,0,0,0,0,0,0,0,0,0
31/05/2014,0:00,4084,1058,1733,639,654,,,,,,,,,,,1042,486,556,1259,615,644,,,,,,,,,,,,,,,,,,,,,,1314,243,233,425,413,,,,,,,,,,,,,,,,,,,,,,,,159,18,16,73,52,,,,,0,0,0,0,0,0,0,0,0,0
1/06/2014,0:00,5583,1468,2446,815,854,,,,,,,,,,,1378,635,743,1573,784,789,,,,,,,,,,,,,,,,,,,,,,1935,371,340,609,615,,,,,,,,,,,,,,,,,,,,,,,,237,18,26,109,84,,,,,0,0,0,0,0,0,0,0,0,0
2/06/2014,0:00,6016,2105,2384,773,754,,,,,,,,,,,2275,1104,1171,2862,1461,1401,,,,,,,,,,,,,,,,,,,,,,961,216,197,274,274,,,,,,,,,,,,,,,,,,,,,,,,225,30,26,83,86,,,,,0,0,0,0,0,0,0,0,0,0
3/06/2014,0:00,6211,2216,2625,686,684,,,,,,,,,,,2381,1154,1227,3036,1555,1481,,,,,,,,,,,,,,,,,,,,,,1060,230,202,318,310,,,,,,,,,,,,,,,,,,,,,,,,203,37,25,79,62,,,,,0,0,0,0,0,0,0,0,0,0
4/06/2014,0:00,6334,2238,2782,670,644,,,,,,,,,,,2342,1132,1210,2893,1498,1395,,,,,,,,,,,,,,,,,,,,,,1003,211,193,303,296,,,,,,,,,,,,,,,,,,,,,,,,226,22,16,97,91,,,,,0,0,0,0,0,0,0,0,0,0
5/06/2014,0:00,5869,2079,2552,643,595,,,,,,,,,,,2259,1101,1158,2882,1487,1395,,,,,,,,,,,,,,,,,,,,,,1028,213,212,300,303,,,,,,,,,,,,,,,,,,,,,,,,197,26,20,78,73,,,,,0,0,0,0,0,0,0,0,0,0
6/06/2014,0:00,5151,1773,2355,536,487,,,,,,,,,,,1995,955,1040,2573,1332,1241,,,,,,,,,,,,,,,,,,,,,,953,213,210,269,261,,,,,,,,,,,,,,,,,,,,,,,,162,20,15,66,61,,,,,0,0,0,0,0,0,0,0,0,0
7/06/2014,0:00,4711,1215,2121,706,669,,,,,,,,,,,988,453,535,1176,559,617,,,,,,,,,,,,,,,,,,,,,,1320,242,236,420,422,,,,,,,,,,,,,,,,,,,,,,,,225,33,21,89,82,,,,,0,0,0,0,0,0,0,0,0,0
8/06/2014,0:00,4508,1279,1981,664,584,,,,,,,,,,,1097,555,542,1206,618,588,,,,,,,,,,,,,,,,,,,,,,1399,249,235,457,458,,,,,,,,,,,,,,,,,,,,,,,,196,25,22,71,78,,,,,0,0,0,0,0,0,0,0,0,0
9/06/2014,0:00,5196,1496,2301,747,652,,,,,,,,,,,1384,676,708,1447,719,728,,,,,,,,,,,,,,,,,,,,,,2056,335,311,568,842,,,,,,,,,,,,,,,,,,,,,,,,235,24,33,92,86,,,,,0,0,0,0,0,0,0,0,0,0
10/06/2014,0:00,5294,1914,2272,543,565,,,,,,,,,,,1870,919,951,2041,1036,1005,,,,,,,,,,,,,,,,,,,,,,887,196,179,258,254,,,,,,,,,,,,,,,,,,,,,,,,178,25,20,67,66,,,,,0,0,0,0,0,0,0,0,0,0
11/06/2014,0:00,5786,2107,2461,603,615,,,,,,,,,,,1889,928,961,2064,1059,1005,,,,,,,,,,,,,,,,,,,,,,926,207,189,276,254,,,,,,,,,,,,,,,,,,,,,,,,199,34,18,67,80,,,,,0,0,0,0,0,0,0,0,0,0
12/06/2014,0:00,5600,2005,2439,572,584,,,,,,,,,,,1892,934,958,1993,1027,966,,,,,,,,,,,,,,,,,,,,,,1028,212,190,291,335,,,,,,,,,,,,,,,,,,,,,,,,209,22,23,88,76,,,,,0,0,0,0,0,0,0,0,0,0
13/06/2014,0:00,4242,1460,1903,462,417,,,,,,,,,,,1467,682,785,1869,969,900,,,,,,,,,,,,,,,,,,,,,,845,202,166,243,234,,,,,,,,,,,,,,,,,,,,,,,,152,21,20,60,51,,,,,0,0,0,0,0,0,0,0,0,0
14/06/2014,0:00,3217,860,1492,431,434,,,,,,,,,,,855,393,462,1538,745,793,,,,,,,,,,,,,,,,,,,,,,896,237,232,214,213,,,,,,,,,,,,,,,,,,,,,,,,95,10,18,36,31,,,,,0,0,0,0,0,0,0,0,0,0
15/06/2014,0:00,4381,1332,1849,631,569,,,,,,,,,,,790,375,415,1671,855,816,,,,,,,,,,,,,,,,,,,,,,2017,368,349,641,659,,,,,,,,,,,,,,,,,,,,,,,,188,22,13,80,73,,,,,0,0,0,0,0,0,0,0,0,0
16/06/2014,0:00,5324,1917,2205,598,604,,,,,,,,,,,1915,947,968,2607,1339,1268,,,,,,,,,,,,,,,,,,,,,,980,244,224,256,256,,,,,,,,,,,,,,,,,,,,,,,,277,31,33,113,100,,,,,0,0,0,0,0,0,0,0,0,0
17/06/2014,0:00,5685,2017,2522,559,587,,,,,,,,,,,2046,972,1074,2445,1244,1201,,,,,,,,,,,,,,,,,,,,,,1135,249,230,329,327,,,,,,,,,,,,,,,,,,,,,,,,222,30,29,88,75,,,,,0,0,0,0,0,0,0,0,0,0
18/06/2014,0:00,5561,2028,2362,594,577,,,,,,,,,,,1944,972,972,2359,1193,1166,,,,,,,,,,,,,,,,,,,,,,970,236,211,259,264,,,,,,,,,,,,,,,,,,,,,,,,241,44,40,86,71,,,,,0,0,0,0,0,0,0,0,0,0
19/06/2014,0:00,4223,1630,1900,360,333,,,,,,,,,,,1656,820,836,2183,1153,1030,,,,,,,,,,,,,,,,,,,,,,633,135,136,166,196,,,,,,,,,,,,,,0,0,0,0,0,,,,,,157,22,20,60,55,,,,,0,0,0,0,0,0,0,0,0,0
20/06/2014,0:00,3619,1170,1586,460,403,,,,,,,,,,,1359,670,689,2235,1144,1091,,,,,,,,,,,,,,,,,,,,,,633,180,158,147,148,,,,,,,,,,,,,,0,0,0,0,0,,,,,,135,21,20,45,49,,,,,0,0,0,0,0,0,0,0,0,0
21/06/2014,0:00,4423,1289,1847,645,642,,,,,,,,,,,1072,510,562,1782,874,908,,,,,,,,,,,,,,,,,,,,,,1389,292,296,402,399,,,,,,,,,,,,,,0,0,0,0,0,,,,,,200,28,33,72,67,,,,,0,0,0,0,0,0,0,0,0,0
22/06/2014,0:00,5023,1542,2126,720,635,,,,,,,,,,,1051,507,544,1271,621,650,,,,,,,,,,,,,,,,,,,,,,1784,336,298,581,569,,,,,,,,,,,,,,0,0,0,0,0,,,,,,205,26,21,82,76,,,,,0,0,0,0,0,0,0,0,0,0
23/06/2014,0:00,5329,1862,2180,656,631,,,,,,,,,,,1788,872,916,2428,1262,1166,,,,,,,,,,,,,,,,,,,,,,998,253,258,254,233,,,,,,,,,,,,,,0,0,0,0,0,,,,,,190,23,24,74,69,,,,,0,0,0,0,0,0,0,0,0,0
24/06/2014,0:00,5210,1938,2250,512,510,,,,,,,,,,,1928,947,981,2292,1183,1109,,,,,,,,,,,,,,,,,,,,,,932,201,195,277,259,,,,,,,,,,,,,,0,0,0,0,0,,,,,,221,30,29,81,81,,,,,0,0,0,0,0,0,0,0,0,0
25/06/2014,0:00,5094,1849,2131,573,541,,,,,,,,,,,1663,790,873,2265,1182,1083,,,,,,,,,,,,,,,,,,,,,,838,194,174,242,228,,,,,,,,,,,,,,0,0,0,0,0,,,,,,200,34,21,72,73,,,,,0,0,0,0,0,0,0,0,0,0
26/06/2014,0:00,4949,1801,2131,521,496,,,,,,,,,,,1746,844,902,2070,1082,988,,,,,,,,,,,,,,,,,,,,,,982,219,205,271,287,,,,,,,,,,,,,,0,0,0,0,0,,,,,,165,21,24,64,56,,,,,0,0,0,0,0,0,0,0,0,0
27/06/2014,0:00,4448,1498,2076,442,432,,,,,,,,,,,1546,726,820,1882,997,885,,,,,,,,,,,,,,,,,,,,,,775,189,165,220,201,,,,,,,,,,,,,,0,0,0,0,0,,,,,,193,30,30,67,66,,,,,0,0,0,0,0,0,0,0,0,0
28/06/2014,0:00,4022,1127,1837,530,528,,,,,,,,,,,865,391,474,998,483,515,,,,,,,,,,,,,,,,,,,,,,1040,243,236,276,285,,,,,,,,,,,,,,0,0,0,0,0,,,,,,148,33,22,47,46,,,,,0,0,0,0,0,0,0,0,0,0
29/06/2014,0:00,3735,997,1688,527,523,,,,,,,,,,,863,398,465,946,469,477,,,,,,,,,,,,,,,,,,,,,,1237,293,277,342,325,,,,,,,,,,,,,,80,37,17,9,17,,,,,,203,21,13,87,82,,,,,0,0,0,0,0,0,0,0,0,0
30/06/2014,0:00,4340,1473,1824,509,534,,,,,,,,,,,1389,669,720,1637,837,800,,,,,,,,,,,,,,,,,,,,,,847,225,201,212,209,,,,,,,,,,,,,,278,73,69,62,74,,,,,,172,26,20,59,67,,,,,0,0,0,0,0,0,0,0,0,0
1/07/2014,0:00,5171,1806,2272,514,579,,,,,,,,,,,1574,792,782,1727,888,839,,,,,,,,,,,,,,,,,,,,,,917,204,214,245,254,,,,,,,,,,,,,,255,54,35,74,92,,,,,,199,29,21,82,67,,,,,0,0,0,0,0,0,0,0,0,0
2/07/2014,0:00,4895,1639,2073,572,611,,,,,,,,,,,1425,693,732,1639,844,795,,,,,,,,,,,,,,,,,,,,,,1027,235,222,281,289,,,,,,,,,,,,,,241,57,36,67,81,,,,,,209,27,22,84,76,,,,,0,0,0,0,0,0,0,0,0,0
3/07/2014,0:00,4699,1585,1939,572,603,,,,,,,,,,,1446,717,729,1631,836,795,,,,,,,,,,,,,,,,,,,,,,937,198,188,279,272,,,,,,,,,,,,,,260,50,40,75,95,,,,,,205,29,21,80,75,,,,,0,0,0,0,0,0,0,0,0,0
4/07/2014,0:00,4193,1387,1888,459,459,,,,,,,,,,,1312,627,685,1435,760,675,,,,,,,,,,,,,,,,,,,,,,866,181,186,256,243,,,,,,,,,,,,,,199,58,35,43,63,,,,,,163,23,15,61,64,,,,,0,0,0,0,0,0,0,0,0,0
5/07/2014,0:00,3918,1114,1794,504,506,,,,,,,,,,,851,403,448,938,472,466,,,,,,,,,,,,,,,,,,,,,,1263,261,259,380,363,,,,,,,,,,,,,,139,31,32,26,50,,,,,,146,13,19,58,56,,,,,0,0,0,0,0,0,0,0,0,0
6/07/2014,0:00,4183,1189,1828,584,582,,,,,,,,,,,1092,560,532,843,422,421,1326,809,517,,,,,,,,,,,,,,,,,,,1591,310,288,508,485,,,,,,,,,,,,,,201,42,49,39,71,,,,,,213,23,21,92,77,,,,,0,0,0,0,0,0,0,0,0,0
7/07/2014,0:00,4650,1565,1824,616,645,,,,,,,,,,,1457,713,744,1745,917,828,1117,644,473,,,,,,,,,,,,,,,,,,,954,253,242,236,223,,,,,,,,,,,,,,282,59,57,82,84,,,,,,184,26,28,70,60,,,,,0,0,0,0,0,0,0,0,0,0
8/07/2014,0:00,5439,1809,2320,615,695,,,,,,,,,,,1673,819,854,1780,931,849,1311,813,498,,,,,,,,,,,,,,,,,,,939,206,206,260,267,,,,,,,,,,,,,,359,79,67,92,121,,,,,,211,28,34,81,68,,,,,0,0,0,0,0,0,0,0,0,0
9/07/2014,0:00,5044,1763,2076,576,629,,,,,,,,,,,1502,729,773,1747,922,825,1331,825,506,,,,,,,,,,,,,,,,,,,957,212,192,278,275,,,,,,,,,,,,,,226,49,33,62,82,,,,,,206,27,24,82,73,,,,,0,0,0,0,0,0,0,0,0,0
10/07/2014,0:00,4313,1450,1816,511,536,,,,,,,,,,,1353,654,699,1643,840,803,1094,622,472,,,,,,,,,,,,,,,,,,,807,189,184,223,211,,,,,,,,,,,,,,221,38,39,68,76,,,,,,164,17,13,67,67,,,,,0,0,0,0,0,0,0,0,0,0
11/07/2014,0:00,4320,1438,1978,452,452,,,,,,,,,,,1377,682,695,1504,787,717,1261,810,451,,,,,,,,,,,,,,,,,,,901,207,208,244,242,,,,,,,,,,,,,,243,59,38,66,80,,,,,,183,26,19,73,65,,,,,889,583,306,0,0,0,0,0,0,0
12/07/2014,0:00,4100,1153,1894,526,527,,,,,,,,,,,896,422,474,845,425,420,1302,885,417,,,,,,,,,,,,,,,,,,,1155,243,240,342,330,,,,,,,,,,,,,,166,40,35,43,48,,,,,,179,26,23,72,58,,,,,650,441,209,0,0,0,0,0,0,0
13/07/2014,0:00,4675,1313,2065,652,645,,,,,,,,,,,1045,502,543,1042,530,512,1322,871,451,,,,,,,,,,,,,,,,,,,1758,320,323,567,548,,,,,,,,,,,,,,160,37,33,37,53,,,,,,302,75,36,97,94,,,,,466,339,127,0,0,0,0,0,0,0
14/07/2014,0:00,4803,1667,1907,583,646,,,,,,,,,,,1394,699,695,1623,854,769,1092,623,469,,,,,,,,,,,,,,,,,,,929,233,210,243,243,,,,,,,,,,,,,,245,49,42,72,82,,,,,,161,24,25,57,55,,,,,449,284,165,0,0,0,0,0,0,0
15/07/2014,0:00,4548,1587,1887,518,556,,,,,,,,,,,1459,705,754,1663,857,806,1166,690,476,,,,,,,,,,,,,,,,,,,780,195,169,206,210,,,,,,,,,,,,,,254,53,41,72,88,,,,,,192,36,23,70,63,,,,,211,139,72,0,0,0,0,0,0,0
16/07/2014,0:00,4710,1626,1994,535,555,,,,,,,,,,,1418,691,727,1735,901,834,1219,728,491,,,,,,,,,,,,,,,,,,,775,181,157,209,228,,,,,,,,,,,,,,242,59,46,61,76,,,,,,164,21,19,59,65,,,,,350,216,134,0,0,0,0,0,0,0
17/07/2014,0:00,5355,1795,2296,621,643,,,,,,,,,,,1693,838,855,1831,944,887,1303,771,532,,,,,,,,,,,,,,,,,,,998,204,212,288,294,,,,,,,,,,,,,,282,69,46,76,91,,,,,,208,36,23,77,72,,,,,624,396,228,0,0,0,0,0,0,0
18/07/2014,0:00,3984,1338,1813,423,410,,,,,,,,,,,1464,730,734,1443,719,724,1266,794,472,,,,,,,,,,,,,,,,,,,640,158,139,169,174,,,,,,,,,,,,,,204,38,36,51,79,,,,,,165,22,24,63,56,,,,,481,307,174,0,0,0,0,0,0,0
19/07/2014,0:00,3756,916,1742,544,554,,,,,,,,,,,890,416,474,981,469,512,1270,856,414,,,,,,,,,,,,,,1979,780,702,190,307,1148,262,265,325,296,,,,,,,,,,,,,,210,39,44,42,85,,,,,,185,33,33,63,56,,,,,75,27,48,0,0,0,0,0,0,0
20/07/2014,0:00,4882,1306,2161,698,717,,,,,,,,,,,1065,481,584,1187,563,624,1397,914,483,,,,,,,,,,,,,,4572,1629,1558,588,797,1760,325,296,577,562,,,,,,,,,,,,,,176,37,46,41,52,,,,,,247,32,32,98,85,,,,,0,0,0,0,0,0,0,0,0,0
21/07/2014,0:00,5204,1864,2057,611,672,,,,,,,,,,,1543,753,790,1886,969,917,1227,717,510,,,,,,,,,,,,,,3027,1017,903,478,629,898,208,184,257,249,,,,,,,,,,,,,,294,66,54,76,98,,,,,,169,29,20,60,60,,,,,0,0,0,0,0,0,0,0,0,0
22/07/2014,0:00,5125,1843,2172,556,554,,,,,,,,,,,1638,821,817,1906,1004,902,1311,806,505,,,,,,,,,,,,,,2823,901,803,522,597,808,180,156,233,239,,,,,,,,,,,,,,261,53,42,74,92,,,,,,204,26,27,76,75,,,,,0,0,0,0,0,0,0,0,0,0
23/07/2014,0:00,5587,1951,2377,612,647,,,,,,,,,,,1783,845,938,2032,1053,979,1391,847,544,,,,,,,,,,,,,,3685,1306,1172,525,682,920,234,204,242,240,,,,,,,,,,,,,,266,63,36,64,103,,,,,,242,79,25,70,68,,,,,0,0,0,0,0,0,0,0,0,0
24/07/2014,0:00,5390,1900,2328,547,615,,,,,,,,,,,1699,820,879,2004,1040,964,1362,839,523,,,,,,,,,,,,,,3322,1103,1063,511,645,1040,200,190,320,330,,,,,,,,,,,,,,312,64,43,91,114,,,,,,220,27,28,84,81,,,,,0,0,0,0,0,0,0,0,0,0
25/07/2014,0:00,4911,1668,2189,525,529,,,,,,,,,,,1507,737,770,2025,1083,942,1397,945,452,,,,,,,,,,,,,,2968,986,917,451,614,825,183,178,225,239,,,,,,,,,,,,,,251,47,39,69,96,,,,,,178,22,21,74,61,,,,,0,0,0,0,0,5,5,0,0,0
26/07/2014,0:00,3919,1127,1815,500,477,,,,,,,,,,,930,465,465,859,466,393,1247,793,454,676,361,315,,,,,,,,,,,3240,1143,1106,396,595,1135,209,183,370,373,,,,,,,,,,,,,,144,32,28,39,45,,,,,,128,17,10,50,51,,,,,2,1,1,0,0,2259,914,1328,7,10
27/07/2014,0:00,5204,1451,2377,687,689,,,,,,,,,,,1300,641,659,957,486,471,1505,995,510,3117,1444,1673,,,,,,,,,,,4885,1718,1624,647,896,2079,614,261,587,617,,,,,,,,,,,,,,190,37,49,46,58,,,,,,218,25,25,85,83,,,,,0,0,0,0,0,0,0,0,0,0
28/07/2014,0:00,5585,2001,2156,688,740,,,,,,,,,,,2239,1048,1191,2926,1508,1418,1196,730,466,4899,2254,2645,,,,,,,,,,,3515,1223,1119,506,667,968,240,239,240,249,,,,,,,,,,,,,,331,63,56,98,114,,,,,,171,24,18,67,62,,,,,0,0,0,0,0,4,2,2,0,0
29/07/2014,0:00,6166,2148,2645,650,723,,,,,,,,,,,2369,1140,1229,3035,1568,1467,1509,920,589,5554,2677,2877,,,,,,,,,,,3706,1226,1150,601,729,1122,258,220,325,319,,,,,,,,,,,,,,358,77,73,110,98,,,,,,208,28,29,79,72,,,,,0,0,0,0,0,3,1,2,0,0
30/07/2014,0:00,5965,2023,2531,663,748,,,,,,,,,,,2432,1166,1266,2946,1533,1413,1421,872,549,5631,2657,2974,,,,,,,,,,,3615,1172,1145,572,726,1129,264,245,309,311,,,,,,,,,,,,,,289,63,59,70,97,,,,,,221,29,23,84,85,,,,,0,0,0,0,0,14,7,5,1,1
31/07/2014,0:00,5690,1962,2415,635,678,,,,,,,,,,,2211,1074,1137,2741,1454,1287,1434,879,555,5161,2421,2740,,,,,,,,,,,3228,1072,1008,502,646,923,191,182,274,276,,,,,,,,,,,,,,307,68,47,83,109,,,,,,217,43,25,79,70,,,,,0,0,0,0,0,5,2,2,0,1
1/08/2014,0:00,5211,1804,2324,552,531,,,,,,,,,,,1999,951,1048,2260,1216,1044,1375,957,418,4399,2140,2259,,,,,,,,,,,2869,929,849,458,633,944,193,174,291,286,,,,,,,,,,,,,,236,45,36,76,79,,,,,,194,26,24,75,69,,,,,0,0,0,0,0,5,1,4,0,0
2/08/2014,0:00,4600,1277,2164,571,588,,,,,,,,,,,1033,486,547,1070,566,504,1481,956,525,5659,2603,3056,,,,,,,,,,,3822,1405,1273,491,653,1423,328,249,430,416,,,,,,,,,,,,,,151,29,19,46,57,,,,,,171,24,19,84,44,,,,,0,0,0,0,0,314,152,95,42,25
3/08/2014,0:00,5580,928,1307,2786,559,,,,,,,,,,,1348,702,646,1991,1019,972,3320,2873,447,2053,891,1162,,,,,,,,,,,3353,1281,1210,354,508,1581,249,241,553,538,,,,,,,,,,,,,,163,24,27,46,66,,,,,,251,34,23,97,97,,,,,0,0,0,0,0,2456,427,1878,103,48
4/08/2014,0:00,4401,1460,1693,578,670,,,,,,,,,,,1993,946,1047,3068,1587,1481,1016,558,458,1902,913,989,,,,,,,,,,,2735,965,858,421,491,687,187,162,165,173,,,,,,,,,,,,,,287,57,46,91,93,,,,,,133,20,15,51,47,,,,,0,0,0,0,0,3,2,1,0,0
5/08/2014,0:00,5835,2044,2408,655,728,,,,,,,,,,,2353,1138,1215,3143,1613,1530,1422,865,557,3981,1704,2277,,,,,,,,,,,3327,1116,1021,518,672,1018,224,206,294,294,,,,,,,,,,,,,,284,72,46,91,75,,,,,,203,40,26,69,68,,,,,0,0,0,0,0,22,10,8,2,2
6/08/2014,0:00,6067,2163,2589,636,679,,,,,,,,,,,2445,1188,1257,3014,1558,1456,1438,920,518,4222,1865,2357,,,,,,,,,,,3613,1213,1170,541,689,1035,244,211,296,284,,,,,,,,,,,,,,302,64,60,71,107,,,,,,207,29,25,77,76,,,,,0,0,0,0,0,52,21,15,8,8
7/08/2014,0:00,5762,2007,2463,608,684,,,,,,,,,,,2444,1172,1272,2999,1558,1441,1376,836,540,5405,2401,3004,,,,,,,,,,,3440,1163,1076,519,682,1111,259,212,312,328,,,,,,,,,,,,,,311,72,49,84,106,,,,,,249,23,24,103,99,,,,,0,0,0,0,0,18,9,6,0,3
8/08/2014,0:00,4967,1656,2264,524,523,,,,,,,,,,,2106,1030,1076,2709,1418,1291,1409,943,466,4306,1924,2382,,,,,,,,,,,3412,1516,853,440,603,864,175,151,272,266,,,,,,,,,,,,,,293,60,62,84,87,,,,,,189,26,14,73,76,,,,,0,0,0,0,0,34,11,14,5,4
9/08/2014,0:00,4091,1097,1957,523,514,,,,,,,,,,,1025,465,560,1179,595,584,1274,847,427,2393,918,1475,,,,,,,,,,,3230,1175,1080,391,584,1106,229,227,324,326,,,,,,,,,,,,,,163,29,28,45,61,,,,,,160,20,21,70,49,,,,,0,0,0,0,0,13,7,2,2,2
10/08/2014,0:00,5298,1439,2368,764,727,,,,,,,,,,,1242,546,696,1336,701,635,1438,994,444,2749,1292,1457,,,,,,,,,,,5078,1796,1774,640,868,1765,298,301,583,583,,,,,,,,,,,,,,203,34,52,46,71,,,,,,240,32,29,92,87,,,,,0,0,0,0,0,1,0,1,0,0
11/08/2014,0:00,5687,1978,2231,674,804,,,,,,,,,,,2287,1086,1201,3074,1570,1504,1209,731,478,5011,2283,2728,,,,,,,,,,,3571,1237,1095,576,663,1051,235,211,304,301,,,,,,,,,,,,,,302,61,46,95,100,,,,,,220,38,27,79,76,,,,,0,0,0,0,0,23,5,6,6,6
12/08/2014,0:00,5692,2028,2422,631,611,,,,,,,,,,,2259,1108,1151,2969,1551,1418,1320,818,502,4666,1999,2667,,,,,,,,,,,3246,1040,961,562,683,910,179,174,286,271,,,,,,,,,,,,,,337,72,64,95,106,,,,,,194,34,24,66,70,,,,,0,0,0,0,0,20,5,7,8,0
13/08/2014,0:00,5701,1650,2569,736,746,,,,,,,,,,,1367,578,789,1174,606,568,1578,1061,517,2743,1206,1537,,,,,,,,,,,4594,1617,1457,676,844,1988,386,349,637,616,,,,,,,,,,,,,,184,39,36,54,55,,,,,,285,40,29,105,111,,,,,0,0,0,0,0,3,0,3,0,0
14/08/2014,0:00,5076,1810,2120,549,597,,,,,,,,,,,2243,1106,1137,2738,1405,1333,1265,762,503,3159,1326,1833,,,,,,,,,,,3155,1021,932,543,659,832,196,185,220,231,,,,,,,,,,,,,,312,66,52,84,110,,,,,,202,28,28,73,73,,,,,0,0,0,0,0,6,3,3,0,0
15/08/2014,0:00,4202,1385,1898,443,476,,,,,,,,,,,1682,832,850,2413,1263,1150,1194,789,405,1829,1010,819,,,,,,,,,,,2169,703,636,361,469,481,116,117,120,128,,,,,,,,,,,,,,182,36,24,60,62,,,,,,129,25,20,42,42,,,,,0,0,0,0,0,4,2,1,0,1
16/08/2014,0:00,710,129,183,182,216,,,,,,,,,,,201,98,103,315,203,112,174,104,70,572,195,377,,,,,,,,,,,790,366,336,41,47,184,64,61,30,29,,,,,,,,,,,,,,45,9,14,10,12,,,,,,40,13,10,10,7,,,,,0,0,0,0,0,1,0,1,0,0
17/08/2014,0:00,3944,966,1407,799,772,,,,,,,,,,,976,462,514,1131,545,586,934,580,354,1819,798,1021,,,,,,,,,,,3844,1484,1392,409,559,1435,340,327,378,390,,,,,,,,,,,,,,162,54,34,37,37,,,,,,152,21,23,63,45,,,,,0,0,0,0,0,2,1,1,0,0
18/08/2014,0:00,5004,1740,2095,570,599,,,,,,,,,,,2144,1028,1116,3005,1500,1505,1149,676,473,3330,1424,1906,,,,,,,,,,,3031,1005,948,486,592,778,192,179,204,203,,,,,,,,,,,,,,312,63,57,94,98,,,,,,201,28,30,73,70,,,,,0,0,0,0,0,18,10,6,1,1
19/08/2014,0:00,6161,2115,2545,725,776,,,,,,,,,,,2518,1225,1293,3091,1563,1528,1415,848,567,4714,2072,2642,,,,,,,,,,,3793,1264,1146,611,772,975,231,215,273,256,,,,,,,,,,,,,,353,81,48,103,121,,,,,,211,37,28,76,70,,,,,0,0,0,0,0,924,333,381,108,102
20/08/2014,0:00,6203,2152,2614,699,738,,,,,,,,,,,2366,1131,1235,3119,1607,1512,1488,925,563,5125,2273,2852,,,,,,,,,,,3707,1275,1180,535,717,1086,229,226,317,314,,,,,,,,,,,,,,314,75,45,91,103,,,,,,230,40,31,75,84,,,,,0,0,0,0,0,3100,908,811,870,511
21/08/2014,0:00,5532,1973,2358,589,612,,,,,,,,,,,2341,1130,1211,3036,1569,1467,1364,800,564,3636,1493,2143,,,,,,,,,,,3233,1099,1008,481,645,902,202,189,243,268,,,,,,,,,,,,,,343,65,47,104,127,,,,,,222,36,29,78,79,,,,,0,0,0,0,0,2834,792,765,759,518
22/08/2014,0:00,1747,651,678,204,214,,,,,,,,,,,967,479,488,2053,1112,941,420,219,201,853,429,424,,,,,,,,,,,987,372,326,118,171,161,45,33,41,42,,,,,,,,,,,,,,95,21,21,28,25,,,,,,70,12,9,23,26,,,,,0,0,0,0,0,1026,321,301,226,178
23/08/2014,0:00,853,143,194,254,262,,,,,,,,,,,200,107,93,574,280,294,209,119,90,831,347,484,,,,,,,,,,,841,400,347,41,53,241,99,82,32,28,,,,,,,,,,,,,,21,11,7,1,2,,,,,,31,7,9,7,8,,,,,0,0,0,0,0,944,449,384,58,53
24/08/2014,0:00,4271,989,1690,813,779,,,,,,,,,,,907,461,446,1159,604,555,957,633,324,957,492,465,,,,,,,,,,,4551,1880,1795,353,523,1355,340,287,361,367,,,,,,,,,,,,,,133,38,32,31,32,,,,,,150,52,16,45,37,,,,,0,0,0,0,0,2448,1006,920,358,164
25/08/2014,0:00,5885,2029,2347,718,791,,,,,,,,,,,2244,1072,1172,3054,1586,1468,1280,775,505,3476,1419,2057,,,,,,,,,,,3573,1263,1112,498,700,993,233,202,280,278,,,,,,,,,,,,,,311,61,56,93,101,,,,,,197,39,34,67,57,,,,,0,0,0,0,0,3009,932,784,795,498
26/08/2014,0:00,6692,2295,2815,766,816,,,,,,,,,,,2547,1249,1298,3137,1599,1538,1522,963,559,4307,1794,2513,,,,,,,,,,,3615,1170,1090,587,768,1157,231,213,347,366,,,,,,,,,,,,,,359,65,48,130,116,,,,,,225,40,35,75,75,,,,,0,0,0,0,0,3120,868,827,920,505
27/08/2014,0:00,5116,1890,2216,508,502,,,,,,,,,,,2202,1091,1111,2692,1390,1302,1248,788,460,4554,1969,2585,,,,,,,,,,,2663,876,766,462,559,774,171,164,216,223,,,,,,,,,,,,,,275,49,41,97,88,,,,,,186,25,24,68,69,,,,,0,0,0,0,0,2590,757,617,752,464
28/08/2014,0:00,4431,1546,1796,520,569,,,,,,,,,,,2057,991,1066,2944,1546,1398,1010,542,468,2144,1077,1067,,,,,,,,,,,2775,1061,883,356,475,799,211,181,201,206,,,,,,,,,,,,,,293,58,56,74,105,,,,,,138,30,17,48,43,,,,,0,0,0,0,0,2459,772,708,568,411
29/08/2014,0:00,5419,1766,2526,540,587,,,,,,,,,,,2113,1003,1110,2568,1354,1214,1669,1080,589,5563,2477,3086,,,,,,,,,,,3094,1007,992,468,627,928,213,204,249,262,,,,,,,,,,,,,,300,49,47,98,106,,,,,,186,22,21,74,69,,,,,0,0,0,0,0,2646,766,694,782,404
30/08/2014,0:00,4666,1318,2099,627,622,,,,,,,,,,,1165,542,623,1187,604,583,1382,906,476,4840,2094,2746,,,,,,,,,,,3763,1381,1243,466,673,1461,300,293,437,431,,,,,,,,,,,,,,131,24,23,30,54,,,,,,203,20,18,84,81,,,,,0,0,0,0,0,2454,875,775,560,244
31/08/2014,0:00,5635,1558,2622,727,728,,,,,,,,,,,1401,635,766,1322,697,625,1379,972,407,3516,1574,1942,,,,,,,,,,,4524,1589,1512,568,855,1931,327,306,628,670,,,,,,,,,,,,,,177,31,22,54,70,,,,,,244,32,27,96,89,,,,,0,0,0,0,0,2756,953,824,700,279
1/09/2014,0:00,6071,2108,2419,711,833,,,,,,,,,,,2232,1099,1133,3037,1635,1402,1220,748,472,4952,2122,2830,,,,,,,,,,,3512,1204,1095,525,688,1152,296,281,285,290,,,,,,,,,,,,,,361,68,67,106,120,,,,,,187,31,25,69,62,,,,,0,0,0,0,0,3003,847,811,850,495
2/09/2014,0:00,6674,2195,2855,779,845,,,,,,,,,,,2456,1183,1273,2900,1505,1395,1612,993,619,2608,1283,1325,,,,,,,,,,,3658,1261,1107,567,723,1034,232,223,290,289,,,,,,,,,,,,,,384,84,58,111,131,,,,,,242,41,25,91,85,,,,,0,0,0,0,0,3083,880,792,889,522
3/09/2014,0:00,6031,2080,2521,686,744,,,,,,,,,,,2321,1116,1205,2841,1391,1450,1447,863,584,5788,2595,3193,,,,,,,,,,,3591,1208,1126,534,723,1045,251,249,277,268,,,,,,,,,,,,,,312,68,44,96,104,,,,,,209,24,19,82,84,,,,,0,0,0,0,0,3157,886,864,843,564
4/09/2014,0:00,5807,1997,2507,617,686,,,,,,,,,,,2314,1106,1208,2889,1512,1377,1336,804,532,5469,2394,3075,,,,,,,,,,,3488,1171,1052,538,727,1080,236,227,299,318,,,,,,,,,,,,,,363,70,53,122,118,,,,,,239,31,27,94,87,,,,,0,0,0,0,0,3025,869,795,793,568
5/09/2014,0:00,5368,1826,2385,559,598,,,,,,,,,,,2028,1003,1025,2827,1584,1243,1435,922,513,5044,2136,2908,,,,,,,,,,,2935,976,895,460,604,892,189,187,257,259,,,,,,,,,,,,,,420,187,43,84,106,,,,,,246,47,28,92,79,,,,,0,0,0,0,0,2531,746,611,777,397
6/09/2014,0:00,4501,1301,2135,537,528,,,,,,,,,,,1225,543,682,1736,950,786,1399,951,448,3838,1446,2392,,,,,,,,,,,3367,1214,1089,448,616,1315,268,246,413,388,,,,,,,,,,,,,,256,118,25,40,73,,,,,,201,29,39,61,72,,,,,0,0,0,0,0,2260,838,624,550,248
7/09/2014,0:00,3931,1115,1756,538,522,,,,,,,,,,,1023,492,531,1309,729,580,1107,729,378,1314,506,808,,,,,,,,,,,3257,1120,1025,439,673,1298,250,229,401,418,,,,,,,,,,,,,,189,68,35,43,43,,,,,,140,35,20,41,44,,,,,0,0,0,0,0,1981,683,680,427,191
8/09/2014,0:00,4259,1463,1661,526,609,,,,,,,,,,,1888,894,994,2891,1505,1386,925,545,380,1985,953,1032,,,,,,,,,,,2502,889,820,348,445,771,201,179,196,195,,,,,,,,,,,,,,290,56,48,91,95,,,,,,174,67,24,40,43,,,,,0,0,0,0,0,2331,722,680,583,346
9/09/2014,0:00,6471,2230,2738,722,781,,,,,,,,,,,2425,1168,1257,3116,1708,1408,1556,1011,545,3403,1287,2116,,,,,,,,,,,3493,1184,1080,537,692,1183,269,274,318,322,,,,,,,,,,,,,,392,91,45,116,140,,,,,,266,72,33,84,77,,,,,0,0,0,0,0,3055,905,828,832,490
10/09/2014,0:00,6439,2236,2786,681,736,,,,,,,,,,,2465,1172,1293,3426,2034,1392,1524,989,535,3944,1617,2327,,,,,,,,,,,3799,1302,1223,549,725,1085,246,237,308,294,,,,,,,,,,,,,,364,86,66,99,113,,,,,,229,37,24,84,84,,,,,0,0,0,0,0,3022,831,823,910,458
11/09/2014,0:00,6335,2139,2742,691,763,,,,,,,,,,,2411,1185,1226,3532,2285,1247,1423,906,517,5984,2433,3551,,,,,,,,,,,3503,1141,1094,537,731,1088,234,228,302,324,,,,,,,,,,,,,,364,83,47,109,125,,,,,,244,38,26,100,80,,,,,0,0,0,0,0,2951,785,774,914,478
12/09/2014,0:00,5473,1815,2484,577,597,,,,,,,,,,,2183,1026,1157,3060,1897,1163,1374,935,439,4133,1565,2568,,,,,,,,,,,3095,1099,945,435,616,967,192,195,296,284,,,,,,,,,,,,,,275,60,51,82,82,,,,,,233,72,25,67,69,,,,,0,0,0,0,0,2597,807,625,807,358
13/09/2014,0:00,4513,1215,2093,593,612,,,,,,,,,,,1254,595,659,1733,888,845,1408,899,509,2289,705,1584,,,,,,,,,,,3661,1428,1284,374,575,1399,277,264,432,426,,,,,,,,,,,,,,160,54,20,42,44,,,,,,148,22,26,52,48,,,,,0,0,0,0,0,2155,796,597,550,212
14/09/2014,0:00,5017,1399,2207,713,698,,,,,,,,,,,1268,631,637,1926,1308,618,1389,874,515,2703,1045,1658,,,,,,,,,,,4375,1521,1486,555,813,1670,294,294,537,545,,,,,,,,,,,,,,205,66,39,35,65,,,,,,182,28,30,68,56,,,,,0,0,0,0,0,2576,855,840,620,261
15/09/2014,0:00,6110,2108,2443,723,836,,,,,,,,,,,2372,1133,1239,3674,2396,1278,1212,767,445,4866,1991,2875,,,,,,,,,,,3535,1177,1153,531,674,999,264,253,232,250,,,,,,,,,,,,,,378,106,46,93,133,,,,,,202,32,16,77,77,,,,,0,0,0,0,0,2906,783,837,841,445
16/09/2014,0:00,6438,2216,2826,659,737,,,,,,,,,,,2559,1245,1314,4342,3037,1305,1436,974,462,4704,1907,2797,,,,,,,,,,,3709,1238,1147,574,750,1052,220,233,291,308,,,,,,,,,,,,,,361,76,60,113,112,,,,,,211,23,19,87,82,,,,,0,0,0,0,0,2911,710,761,964,476
17/09/2014,0:00,6729,2252,2963,722,792,,,,,,,,,,,2529,1210,1319,3086,1926,1160,1572,1019,553,5568,2338,3230,,,,,,,,,,,3626,1167,1093,569,797,1171,274,244,342,311,,,,,,,,,,,,,,422,103,77,130,112,,,,,,258,32,25,105,96,,,,,0,0,0,0,0,3025,777,739,1033,476
18/09/2014,0:00,6270,2189,2731,638,712,,,,,,,,,,,2517,1218,1299,3078,1932,1146,1499,923,576,6324,2797,3527,,,,,,,,,,,3435,1139,1030,554,712,1103,236,227,317,323,,,,,,,,,,,,,,358,68,63,116,111,,,,,,228,29,27,88,84,,,,,0,0,0,0,0,3053,854,788,927,484
19/09/2014,0:00,5665,1857,2661,561,586,,,,,,,,,,,2088,1003,1085,3926,2914,1012,1548,1020,528,5447,2307,3140,,,,,,,,,,,3157,1070,935,483,669,982,218,216,272,276,,,,,,,,,,,,,,266,55,39,85,87,,,,,,200,24,18,77,81,,,,,0,0,0,0,0,2439,726,603,752,358
20/09/2014,0:00,4478,1311,2052,556,559,,,,,,,,,,,1244,549,695,1848,1053,795,1421,928,493,2244,782,1462,,,,,,,,,,,3371,1224,1122,402,623,1155,225,208,366,356,,,,,,,,,,,,,,179,33,33,64,49,,,,,,149,18,13,67,51,,,,,0,0,0,0,0,2339,846,679,564,250
21/09/2014,0:00,5015,1401,2330,641,643,,,,,,,,,,,1230,561,669,1699,1200,499,1302,882,420,2041,751,1290,,,,,,,,,,,4177,1418,1424,538,797,1527,291,277,487,472,,,,,,,,,,,,,,292,122,51,44,75,,,,,,190,29,23,68,70,,,,,0,0,0,0,0,2887,999,930,685,273
22/09/2014,0:00,5012,1801,2062,561,588,,,,,,,,,,,1961,932,1029,2667,1473,1194,1096,650,446,2430,966,1464,,,,,,,,,,,2673,849,804,462,558,828,209,192,214,213,,,,,,,,,,,,,,351,102,53,99,97,,,,,,186,32,21,71,62,,,,,0,0,0,0,0,2533,699,642,774,418
23/09/2014,0:00,6386,2110,2675,764,837,,,,,,,,,,,2347,1131,1216,2949,1710,1239,1441,873,568,2590,1142,1448,,,,,,,,,,,3627,1222,1086,534,785,1110,263,234,312,301,,,,,,,,,,,,,,435,120,64,123,128,,,,,,214,32,33,77,72,,,,,0,0,0,0,0,3091,940,806,907,438
24/09/2014,0:00,6224,2144,2677,676,727,,,,,,,,,,,2285,1081,1204,2784,1445,1339,1514,982,532,1969,955,1014,,,,,,,,,,,3497,1163,1071,540,723,1000,251,234,271,244,,,,,,,,,,,,,,327,58,52,113,104,,,,,,225,20,26,94,85,,,,,0,0,0,0,0,2975,846,786,840,503
25/09/2014,0:00,5051,1837,2194,530,490,,,,,,,,,,,1983,989,994,2109,1279,830,1152,767,385,2896,1153,1743,,,,,,,,,,,2725,865,863,420,577,849,181,161,246,261,,,,,,,,,,,,,,293,74,45,88,86,,,,,,229,30,44,75,80,,,,,0,0,0,0,0,1804,548,476,531,249
26/09/2014,0:00,5419,1748,2490,578,603,,,,,,,,,,,1968,924,1044,2503,1428,1075,1509,1001,508,3951,1483,2468,,,,,,,,,,,3218,1116,1009,452,641,959,208,206,272,273,,,,,,,,,,,,,,281,58,40,92,91,,,,,,185,30,24,69,62,,,,,0,0,0,0,0,33,7,14,9,3
27/09/2014,0:00,5242,1468,2288,752,734,,,,,,,,,,,1010,467,543,1252,826,426,1546,1055,491,4290,1612,2678,,,,,,,,,,,3258,1151,1145,382,580,1230,274,231,363,362,,,,,,,,,,,,,,210,72,22,48,68,,,,,,207,25,21,96,65,,,,,0,0,0,0,0,189,118,31,25,15
28/09/2014,0:00,5089,1373,2287,734,695,,,,,,,,,,,1177,533,644,1369,871,498,1254,834,420,2629,1006,1623,,,,,,,,,,,3865,1393,1294,458,720,1632,295,257,532,548,,,,,,,,,,,,,,298,142,34,56,66,,,,,,279,61,23,97,98,,,,,0,0,0,0,0,1543,634,497,303,109
29/09/2014,0:00,5445,1958,2377,586,524,,,,,,,,,,,1641,787,854,3247,2457,790,1258,791,467,4713,1959,2754,,,,,,,,,,,3584,1286,1162,484,652,1105,290,267,276,272,,,,,,,,,,,,,,443,146,54,113,130,,,,,,243,47,27,93,76,,,,,0,0,0,0,0,2838,791,863,761,423
30/09/2014,0:00,5376,2221,2921,145,89,,,,,,,,,,,1888,931,957,3261,2492,769,1545,1047,498,4945,1948,2997,,,,,,,,,,,3859,1238,1202,578,841,1234,243,232,381,378,,,,,,,,,,,,,,431,139,54,104,134,,,,,,295,50,32,110,103,,,,,0,0,0,0,0,3112,773,782,1002,555
1/10/2014,0:00,4946,2140,2690,56,60,,,,,,,,,,,1816,883,933,2286,1640,646,1460,972,488,4677,1767,2910,,,,,,,,,,,3478,1135,1062,551,730,1207,268,255,341,343,,,,,,,,,,,,,,337,85,40,115,97,,,,,,255,20,21,112,102,,,,,0,0,0,0,0,2711,727,620,941,423
2/10/2014,0:00,4603,2009,2482,59,53,,,,,,,,,,,1702,818,884,1728,938,790,1413,834,579,2996,1194,1802,,,,,,,,,,,3349,1156,1020,500,673,1029,227,212,297,293,,,,,,,,,,,,,,355,66,71,105,113,,,,,,273,26,29,112,106,,,,,0,0,0,0,0,2336,667,566,740,363
3/10/2014,0:00,4243,1718,2452,25,48,,,,,,,,,,,1553,759,794,2138,1462,676,1447,1004,443,4334,1726,2608,,,,,,,,,,,3101,1023,981,471,626,993,197,199,304,293,,,,,,,,,,,,,,312,75,35,92,110,,,,,,210,56,26,70,58,,,,,0,0,0,0,0,1476,497,393,433,153
4/10/2014,0:00,3298,1159,2054,39,46,,,,,,,,,,,964,460,504,1988,1545,443,1347,867,480,2288,663,1625,,,,,,,,,,,3151,1141,1045,340,625,1206,199,233,374,400,,,,,,,,,,,,,,176,42,29,49,56,,,,,,218,25,25,101,67,,,,,0,0,0,0,0,1355,502,457,291,105
5/10/2014,0:00,3437,1290,2040,56,51,,,,,,,,,,,1107,503,604,2280,1866,414,1075,724,351,2562,1005,1557,,,,,,,,,,,3684,1320,1236,419,709,1273,211,210,423,429,,,,,,,,,,,,,,195,50,32,60,53,,,,,,235,32,16,96,91,,,,,0,0,0,0,0,1378,517,450,298,113
6/10/2014,0:00,4312,1690,2490,65,67,,,,,,,,,,,1249,577,672,2896,2350,546,1270,879,391,2637,1137,1500,,,,,,,,,,,4557,1592,1479,601,885,1795,291,314,599,591,,,,,,,,,,,,,,265,86,40,83,56,7041,2270,1803,1450,1518,282,32,24,118,108,,,,,0,0,0,0,0,1588,588,474,369,157
7/10/2014,0:00,5104,2213,2779,51,61,,,,,,,,,,,2384,1155,1229,4312,3166,1146,1467,958,509,4635,1954,2681,,,,,,,,,,,3439,1139,1026,570,704,1164,269,268,313,314,,,,,,,,,,,,,,375,101,60,105,109,2384,821,693,453,417,254,43,26,86,99,,,,,0,0,0,0,0,1598,481,476,448,193
8/10/2014,0:00,5396,2438,2910,25,23,,,,,,,,,,,2570,1243,1327,3919,2836,1083,1546,1063,483,4562,1770,2792,,,,,,,,,,,3571,1115,1053,605,798,995,196,206,303,290,,,,,,,,,,,,,,394,81,57,129,127,2154,710,557,483,404,254,25,25,96,108,,,,,0,0,0,0,0,1505,510,352,461,182
9/10/2014,0:00,4827,2126,2663,13,25,,,,,,,,,,,2478,1170,1308,2748,1486,1262,1484,913,571,2020,985,1035,,,,,,,,,,,3231,1059,945,522,705,1063,249,227,294,293,,,,,,,,,,,,,,320,54,31,108,127,2227,770,576,466,415,209,26,23,74,86,,,,,0,0,0,0,0,1590,553,421,429,187
10/10/2014,0:00,4617,1935,2646,12,24,,,,,,,,,,,2189,1051,1138,2469,1391,1078,1576,1104,472,2568,1092,1476,,,,,,,,,,,3395,1137,1056,504,698,990,217,215,290,268,,,,,,,,,,,,,,344,79,41,103,121,2196,722,597,466,411,224,23,27,90,84,,,,,0,0,0,0,0,1350,491,377,339,143
11/10/2014,0:00,3824,1396,2384,21,23,,,,,,,,,,,1320,625,695,1460,963,497,1614,1118,496,2250,725,1525,,,,,,,,,,,3594,1283,1201,423,687,1304,252,263,399,390,,,,,,,,,,,,,,209,79,26,56,48,3418,1159,750,792,717,224,14,23,102,85,,,,,0,0,0,0,0,1558,600,527,309,122
12/10/2014,0:00,4299,1557,2704,14,24,,,,,,,,,,,1368,639,729,2414,1884,530,1411,983,428,2339,934,1405,,,,,,,,,,,4380,1395,1638,564,783,1698,279,296,544,579,,,,,,,,,,,,,,143,34,25,47,37,4624,1482,988,1096,1058,215,17,24,94,80,,,,,0,0,0,0,0,1808,572,704,377,155
13/10/2014,0:00,4259,2007,2220,14,18,,,,,,,,,,,2259,1099,1160,4275,3134,1141,1266,836,430,3681,1511,2170,,,,,,,,,,,3200,1037,931,531,701,1012,226,241,266,279,,,,,,,,,,,,,,337,61,54,117,105,2160,722,605,415,418,194,25,22,74,73,,,,,0,0,0,0,0,1409,453,389,400,167
14/10/2014,0:00,4427,1996,2394,13,24,,,,,,,,,,,2374,1159,1215,2429,1327,1102,1369,876,493,3809,1539,2270,,,,,,,,,,,3426,1162,1012,549,703,1140,291,262,298,289,,,,,,,,,,,,,,366,69,49,119,129,2378,794,744,446,394,198,16,26,83,73,,,,,0,0,0,0,0,1552,526,450,363,213
15/10/2014,0:00,5401,2446,2910,12,33,,,,,,,,,,,2741,1301,1440,3163,2020,1143,1778,1125,653,5542,2401,3141,,,,,,,,,,,3710,1190,1038,655,827,1141,250,223,345,323,,,,,,,,,,,,,,359,67,44,143,105,2659,868,761,514,516,311,36,48,111,116,,,,,0,0,0,0,0,1755,613,503,415,224
16/10/2014,0:00,4875,2170,2674,9,22,,,,,,,,,,,2509,1217,1292,2787,1641,1146,1462,952,510,5320,2174,3146,,,,,,,,,,,3913,1557,1084,562,710,1237,273,253,344,367,,,,,,,,,,,,,,454,141,36,139,138,2463,778,694,522,469,267,41,34,94,98,,,,,0,0,0,0,0,2860,784,677,916,483
17/10/2014,0:00,4489,1937,2516,12,24,,,,,,,,,,,2201,1059,1142,2287,1535,752,1537,1116,421,5295,2098,3197,,,,,,,,,,,3941,1848,902,496,695,1067,292,198,299,278,,,,,,,,,,,,,,276,66,35,93,82,2115,657,521,487,450,218,21,23,90,84,,,,,0,0,0,0,0,3713,1833,600,889,391
18/10/2014,0:00,3374,1311,2013,29,21,,,,,,,,,,,1245,547,698,1650,1144,506,1476,1021,455,4896,1636,3260,,,,,,,,,,,4263,1780,1268,485,730,1314,255,235,417,407,,,,,,,,,,,,,,200,61,36,55,48,3087,1010,741,686,650,227,27,22,97,81,,,,,0,0,0,0,0,2318,832,663,590,233
19/10/2014,0:00,3606,1540,2006,34,26,,,,,,,,,,,1228,601,627,1854,1108,746,1810,907,903,2577,855,1722,,,,,,,,,,,5083,2074,1587,589,833,1442,313,270,441,418,,,,,,,,,,,,,,159,40,27,47,45,4918,1666,1175,1012,1065,176,20,23,73,60,,,,,0,0,0,0,0,2775,921,946,652,256
20/10/2014,0:00,4392,2052,2301,17,22,,,,,,,,,,,2295,1099,1196,3691,2630,1061,1220,815,405,4812,1971,2841,,,,,,,,,,,3796,1548,1029,555,664,1173,284,258,329,302,,,,,,,,,,,,,,439,156,67,100,116,2779,896,853,531,499,234,27,22,98,87,,,,,0,0,0,0,0,2849,772,745,832,500
21/10/2014,0:00,4778,2236,2520,9,13,,,,,,,,,,,2398,1151,1247,2512,1385,1127,1489,923,566,2392,1073,1319,,,,,,,,,,,3250,1103,969,492,686,1091,263,244,290,294,,,,,,,,,,,,,,351,74,50,113,114,1980,631,523,461,365,208,30,22,82,74,,,,,0,0,0,0,0,2901,844,731,854,472
22/10/2014,0:00,5200,2405,2742,19,34,,,,,,,,,,,2479,1198,1281,2671,1469,1202,1530,990,540,3268,1209,2059,,,,,,,,,,,4010,1583,1090,575,762,1119,264,236,315,304,,,,,,,,,,,,,,376,70,63,114,129,2227,758,577,471,421,237,37,22,85,93,,,,,0,0,0,0,0,3014,856,722,956,480
23/10/2014,0:00,4759,2142,2570,17,30,,,,,,,,,,,2602,1252,1350,2882,1914,968,1460,941,519,4738,1883,2855,,,,,,,,,,,4146,1652,1284,508,702,1163,223,239,348,353,,,,,,,,,,,,,,383,109,44,120,110,2311,765,626,465,455,275,31,25,105,114,,,,,0,0,0,0,0,2832,739,735,904,454
24/10/2014,0:00,4428,1870,2506,19,33,,,,,,,,,,,2233,1087,1146,3143,2350,793,1477,1069,408,5159,1995,3164,,,,,,,,,,,3052,996,885,498,673,1006,180,195,312,319,,,,,,,,,,,,,,349,121,46,91,91,2106,679,500,493,434,206,32,19,78,77,,,,,0,0,0,0,0,2477,649,612,842,374
25/10/2014,0:00,3629,1354,2224,25,26,,,,,,,,,,,1138,500,638,2436,2032,404,1431,993,438,4397,1506,2891,,,,,,,,,,,3731,1374,1171,461,725,1093,170,219,348,356,,,,,,,,,,,,,,212,56,22,84,50,2792,804,613,707,668,190,18,19,84,69,,,,,0,0,0,0,0,2228,751,603,647,227
26/10/2014,0:00,3736,1415,2282,18,21,,,,,,,,,,,1438,691,747,1957,1547,410,1174,837,337,2410,892,1518,,,,,,,,,,,3855,1374,1281,460,740,1368,206,225,470,467,,,,,,,,,,,,,,233,63,33,84,53,3624,1114,752,881,877,163,20,14,70,59,,,,,0,0,0,0,0,2326,725,753,590,258
27/10/2014,0:00,3998,1912,2049,19,18,,,,,,,,,,,2218,1045,1173,1824,1489,335,1104,774,330,4053,1605,2448,,,,,,,,,,,2574,839,720,433,582,865,246,152,229,238,,,,,,,,,,,,,,306,49,45,112,100,1606,524,381,342,359,197,24,27,66,80,,,,,0,0,0,0,0,2116,474,420,862,360
28/10/2014,0:00,5044,2134,2862,26,22,,,,,,,,,,,2532,1201,1331,3300,2361,939,1499,987,512,3923,1437,2486,,,,,,,,,,,3680,1376,1017,566,721,1267,285,281,353,348,,,,,,,,,,,,,,366,70,45,137,114,2217,632,622,521,442,266,32,33,107,94,,,,,0,0,0,0,0,2697,691,595,978,433
29/10/2014,0:00,4967,2154,2767,17,29,,,,,,,,,,,2510,1193,1317,2440,1480,960,1564,1080,484,4900,1873,3027,,,,,,,,,,,4460,2098,1007,573,782,1244,287,241,363,353,,,,,,,,,,,,,,376,91,52,129,104,2332,723,670,474,465,228,32,20,91,85,,,,,0,0,0,0,0,2809,742,556,1032,479
30/10/2014,0:00,4755,2100,2604,20,31,,,,,,,,,,,2492,1225,1267,2360,1433,927,1422,970,452,5016,1957,3059,,,,,,,,,,,3904,1614,977,543,770,1952,1057,251,323,321,,,,,,,,,,,,,,442,132,35,135,140,2245,711,626,463,445,266,34,26,108,98,,,,,0,0,0,0,0,2831,753,626,1045,407
31/10/2014,0:00,4059,1714,2294,22,29,,,,,,,,,,,2004,958,1046,1783,1059,724,1378,1023,355,3274,1313,1961,,,,,,,,,,,2829,930,839,427,633,5763,4731,444,299,289,,,,,,,,,,,,,,318,64,39,120,95,1716,511,396,423,386,220,21,32,88,79,,,,,0,0,0,0,0,1988,527,391,784,286
1/11/2014,0:00,3289,1227,1998,29,35,,,,,,,,,,,1120,522,598,1049,679,370,1236,840,396,2470,739,1731,,,,,,,,,,,3431,1159,1182,425,665,1068,253,114,342,359,,,,,,,,,,,,,,152,23,26,58,45,2333,715,500,560,558,192,18,17,97,60,,,,,0,0,0,0,0,1286,459,421,290,116
2/11/2014,0:00,3312,1211,2045,26,30,,,,,,,,,,,1275,596,679,1384,1001,383,1087,719,368,1763,568,1195,,,,,,,,,,,3885,1544,1191,448,702,1319,225,209,454,431,,,,,,,,,,,,,,221,58,32,69,62,3158,911,652,804,791,225,14,16,102,93,,,,,0,0,0,0,0,1279,493,340,342,104
3/11/2014,0:00,4257,1973,2226,19,39,,,,,,,,,,,1812,862,950,1928,1009,919,1261,739,522,1561,767,794,,,,,,,,,,,3137,1051,920,508,658,1033,229,231,273,300,,,,,,,,,,,,,,348,45,48,107,148,1747,497,474,405,371,204,23,24,83,74,,,,,0,0,0,0,0,1735,592,470,455,218
4/11/2014,0:00,5029,2257,2725,17,30,,,,,,,,,,,2061,984,1077,1939,1050,889,1578,1028,550,2509,1123,1386,,,,,,,,,,,3397,1203,931,558,705,1139,242,237,325,335,,,,,,,,,,,,,,352,69,59,109,115,2098,663,606,451,378,241,21,26,102,92,,,,,0,0,0,0,0,1612,550,422,455,185
5/11/2014,0:00,4941,2276,2616,12,37,,,,,,,,,,,2148,1029,1119,1921,1131,790,1463,963,500,2945,1257,1688,,,,,,,,,,,4109,1794,975,594,746,1174,227,235,356,356,,,,,,,,,,,,,,390,79,57,137,117,2177,661,631,500,385,236,27,22,98,89,,,,,0,0,0,0,0,1747,581,483,458,225
6/11/2014,0:00,4531,2089,2368,29,45,,,,,,,,,,,1996,980,1016,2085,1497,588,1261,838,423,3799,1552,2247,,,,,,,,,,,2874,870,820,542,642,924,172,184,280,288,,,,,,,,,,,,,,374,88,44,117,125,1716,543,369,413,391,223,24,33,85,81,,,,,0,0,0,0,0,1352,410,336,439,167
7/11/2014,0:00,4370,1900,2427,16,27,,,,,,,,,,,1969,976,993,2082,1121,961,1313,928,385,2912,1262,1650,,,,,,,,,,,3074,979,936,478,681,968,187,163,315,303,,,,,,,,,,,,,,450,202,39,121,88,1743,518,415,423,387,259,36,30,96,97,,,,,0,0,0,0,0,1379,410,346,459,164
8/11/2014,0:00,3470,1272,2136,33,29,,,,,,,,,,,1291,606,685,1432,690,742,1447,931,516,4501,1451,3050,,,,,,,,,,,3687,1339,1208,441,699,1228,253,228,386,361,,,,,,,,,,,,,,333,191,23,63,56,2673,842,531,636,664,179,21,22,71,65,,,,,0,0,0,0,0,1396,555,379,340,122
9/11/2014,0:00,3731,1404,2272,27,28,,,,,,,,,,,1311,617,694,997,479,518,1382,922,460,2753,1006,1747,,,,,,,,,,,3868,1313,1307,462,786,1523,234,233,528,528,,,,,,,,,,,,,,351,201,25,72,53,3377,980,720,829,848,241,21,22,103,95,,,,,0,0,0,0,0,1441,509,443,353,136
10/11/2014,0:00,4396,2081,2259,26,30,,,,,,,,,,,2075,1030,1045,2139,1139,1000,1289,836,453,3640,1353,2287,,,,,,,,,,,3459,1124,1043,558,734,1149,249,246,332,322,,,,,,,,,,,,,,359,84,48,120,107,2191,713,618,449,411,239,21,20,102,96,,,,,0,0,0,0,0,1564,490,429,458,187
11/11/2014,0:00,4786,2125,2597,34,30,,,,,,,,,,,2250,1124,1126,2074,1086,988,1518,973,545,4356,1652,2704,,,,,,,,,,,3456,1039,1015,597,805,1190,245,238,370,337,,,,,,,,,,,,,,402,92,60,131,119,2173,635,578,492,468,270,33,20,109,108,,,,,0,0,0,0,0,1533,462,372,513,186
12/11/2014,0:00,4424,1987,2397,12,28,,,,,,,,,,,2100,1033,1067,2141,1121,1020,1457,975,482,2667,1022,1645,,,,,,,,,,,3235,1061,950,497,727,1129,232,215,329,353,,,,,,,,,,,,,,322,56,56,114,96,1860,580,468,445,367,243,28,18,95,102,,,,,0,0,0,0,0,1398,453,303,499,143
13/11/2014,0:00,2997,1367,1588,16,26,,,,,,,,,,,1669,828,841,2009,1069,940,957,607,350,2780,1041,1739,,,,,,,,,,,2362,744,708,399,511,957,250,179,265,263,,,,,,,,,,,,,,307,57,36,115,99,1357,414,310,305,328,179,44,17,55,63,,,,,0,0,0,0,0,1083,331,267,358,127
14/11/2014,0:00,2962,1157,1719,65,21,,,,,,,,,,,956,456,500,655,341,314,1146,798,348,2714,769,1945,,,,,,,,,,,2454,765,798,362,529,1179,165,209,400,405,,,,,,,,,,,,,,199,41,38,68,52,2215,630,422,582,581,191,23,29,70,69,,,,,0,0,0,0,0,949,293,286,272,98
15/11/2014,0:00,2356,936,1354,47,19,,,,,,,,,,,776,394,382,591,313,278,1018,632,386,3836,996,2840,,,,,,,,,,,1977,612,644,318,403,916,151,138,302,325,,,,,,,,,,,,,,98,12,8,54,24,1971,692,356,458,465,127,9,15,55,48,,,,,0,0,0,0,0,819,289,234,218,78
16/11/2014,0:00,2124,781,1313,14,16,,,,,,,,,,,860,436,424,606,335,271,795,537,258,2957,719,2238,,,,,,,,,,,1490,416,394,252,428,742,103,104,266,269,,,,,,,,,,,,,,178,106,7,36,29,1499,376,266,417,440,112,12,14,49,37,,,,,0,0,0,0,0,750,280,186,223,61
17/11/2014,0:00,4014,1864,2063,53,34,,,,,,,,,,,1857,923,934,1946,987,959,1052,719,333,4343,1497,2846,,,,,,,,,,,2997,934,862,498,703,994,224,195,287,288,,,,,,,,,,,,,,338,52,44,119,123,1781,506,518,372,385,188,22,21,75,70,,,,,0,0,0,0,0,1224,388,275,415,146
18/11/2014,0:00,3597,1624,1926,14,33,,,,,,,,,,,1627,789,838,2160,1151,1009,1118,673,445,1570,825,745,,,,,,,,,,,2611,871,786,425,529,918,210,189,266,253,,,,,,,,,,,,,,258,48,32,93,85,1405,451,391,290,273,205,24,21,83,77,,,,,0,0,0,0,0,1172,419,315,338,100
19/11/2014,0:00,3784,1701,2001,41,41,,,,,,,,,,,1685,869,816,1454,884,570,1063,789,274,2114,896,1218,,,,,,,,,,,2167,635,624,405,503,756,131,148,233,244,,,,,,,,,,,,,,260,36,35,100,89,1337,488,212,307,330,182,20,20,69,73,,,,,0,0,0,0,0,1099,359,263,317,160
20/11/2014,0:00,4105,1773,2285,15,32,,,,,,,,,,,1786,843,943,2000,1069,931,1229,843,386,2426,1157,1269,,,,,,,,,,,3044,1037,908,456,643,923,167,184,285,287,,,,,,,,,,,,,,327,69,50,103,105,1910,582,495,422,411,179,31,32,65,51,,,,,0,0,0,0,0,1340,438,341,416,145
21/11/2014,0:00,4100,1667,2346,38,49,,,,,,,,,,,1708,827,881,1674,906,768,1313,941,372,2713,1066,1647,,,,,,,,,,,2644,823,762,432,627,829,123,149,289,268,,,,,,,,,,,,,,240,32,21,109,78,1770,578,413,370,409,217,23,29,84,81,,,,,0,0,0,0,0,1078,334,266,356,122
22/11/2014,0:00,3055,1116,1898,21,20,,,,,,,,,,,915,422,493,669,342,327,1246,857,389,2756,729,2027,,,,,,,,,,,2761,962,971,304,524,1055,148,182,359,366,,,,,,,,,,,,,,157,25,21,69,42,1952,635,341,438,538,170,16,15,85,54,,,,,0,0,0,0,0,84,22,53,6,3
23/11/2014,0:00,3346,1243,2015,66,22,,,,,,,,,,,921,431,490,661,334,327,1028,714,314,1882,624,1258,,,,,,,,,,,3308,1076,1054,452,726,1139,156,198,408,377,,,,,,,,,,,,,,145,22,19,48,56,2347,679,414,587,667,159,16,12,65,66,,,,,0,0,0,0,0,0,0,0,0,0
24/11/2014,0:00,4507,2045,2313,104,45,,,,,,,,,,,1684,808,876,1355,682,673,1236,835,401,3765,1411,2354,,,,,,,,,,,3353,1068,1047,523,715,1032,198,228,292,314,,,,,,,,,,,,,,342,53,37,138,114,2112,659,607,420,426,233,24,27,95,87,,,,,0,0,0,0,0,1,0,1,0,0
25/11/2014,0:00,5058,2161,2801,61,35,,,,,,,,,,,1913,948,965,1381,709,672,1533,1049,484,4114,1502,2612,,,,,,,,,,,3410,1045,944,606,815,1170,191,203,394,382,,,,,,,,,,,,,,434,78,36,181,139,2173,677,553,456,487,295,34,28,123,110,,,,,0,0,0,0,0,5,2,2,1,0
26/11/2014,0:00,3921,1801,2063,19,38,,,,,,,,,,,1500,734,766,1439,735,704,1257,796,461,2384,983,1401,,,,,,,,,,,2958,925,896,482,655,923,224,190,260,249,,,,,,,,,,,,,,288,43,42,102,101,1701,518,416,384,383,241,31,27,92,91,,,,,0,0,0,0,0,14,4,5,3,2
27/11/2014,0:00,4389,1927,2251,96,115,,,,,,,,,,,1391,756,635,1108,617,491,1232,846,386,3145,1239,1906,,,,,,,,,,,2130,572,549,448,561,864,198,149,251,266,,,,,,,,,,,,,,340,122,32,114,72,1546,635,266,295,350,211,18,24,91,78,,,,,0,0,0,0,0,36,26,2,7,1
28/11/2014,0:00,2261,1008,1192,21,40,,,,,,,,,,,949,448,501,1164,624,540,795,465,330,1940,942,998,,,,,,,,,,,1744,656,626,165,297,617,163,141,154,159,,,,,,,,,,,,,,221,54,31,65,71,902,290,212,196,204,162,14,17,70,61,,,,,0,0,0,0,0,25,8,12,3,2
29/11/2014,0:00,2860,1067,1723,45,25,,,,,,,,,,,857,375,482,714,378,336,1182,848,334,4379,1354,3025,,,,,,,,,,,3195,1160,1117,360,558,1074,234,191,320,329,,,,,,,,,,,,,,236,102,28,67,39,2030,692,426,443,469,159,16,12,69,62,,,,,0,0,0,0,0,0,0,0,0,0
30/11/2014,0:00,3469,1279,2115,49,26,,,,,,,,,,,1065,504,561,720,356,364,1201,838,363,2797,1044,1753,,,,,,,,,,,3656,1222,1210,490,734,1375,278,234,424,439,,,,,,,,,,,,,,212,84,19,67,42,2850,895,558,681,716,241,24,26,101,90,,,,,0,0,0,0,0,4,0,4,0,0
1/12/2014,0:00,4369,1946,2376,11,36,,,,,,,,,,,1555,735,820,1427,734,693,1361,867,494,3865,1520,2345,,,,,,,,,,,3284,1131,961,504,688,1149,272,260,314,303,,,,,,,,,,,,,,406,67,42,154,143,2057,635,589,410,423,203,24,22,86,71,,,,,0,0,0,0,0,5,0,5,0,0
2/12/2014,0:00,41,0,0,12,29,,,,,,,,,,,1590,764,826,1536,796,740,1357,836,521,2669,1133,1536,,,,,,,,,,,3055,1007,924,495,629,992,221,209,289,273,,,,,,,,,,,,,,373,55,43,149,126,2023,617,535,431,440,201,25,33,74,69,,,,,0,0,0,0,0,5,0,0,3,2
3/12/2014,0:00,101,0,0,59,42,,,,,,,,,,,1746,834,912,1302,697,605,1516,985,531,3879,1597,2282,,,,,,,,,,,3186,924,942,567,753,1075,230,212,329,304,,,,,,,,,,,,,,385,59,36,157,133,2081,648,480,451,502,274,33,35,103,103,,,,,0,0,0,0,0,17,4,9,3,1
4/12/2014,0:00,74,0,0,32,42,,,,,,,,,,,1708,832,876,1273,655,618,1280,826,454,4297,1624,2673,,,,,,,,,,,2872,864,832,510,666,999,206,200,297,296,,,,,,,,,,,,,,369,51,43,150,125,1886,544,428,432,482,220,35,29,75,81,,,,,0,0,0,0,0,6,3,1,1,1
5/12/2014,0:00,57,0,0,22,35,,,,,,,,,,,1336,651,685,1030,558,472,1191,841,350,2915,1141,1774,,,,,,,,,,,1889,550,519,331,489,683,108,116,236,223,,,,,,,,,,,,,,215,35,25,88,67,1108,271,196,310,331,180,24,23,72,61,,,,,0,0,0,0,0,7,1,0,4,2
6/12/2014,0:00,26,0,0,12,14,,,,,,,,,,,481,218,263,581,296,285,778,523,255,1249,540,709,,,,,,,,,,,1885,745,671,172,297,669,186,152,155,176,,,,,,,,,,,,,,71,16,12,22,21,1049,374,247,199,229,108,13,12,39,44,,,,,0,0,0,0,0,342,111,172,43,16
7/12/2014,0:00,58,0,0,20,38,,,,,,,,,,,926,459,467,597,302,295,923,646,277,1419,608,811,,,,,,,,,,,2989,984,1023,392,590,1154,229,218,348,359,,,,,,,,,,,,,,160,80,13,40,27,2482,928,413,576,565,165,17,22,72,54,,,,,0,0,0,0,0,905,284,371,190,60
8/12/2014,0:00,54,0,0,15,39,,,,,,,,,,,1259,624,635,1093,585,508,1037,725,312,2214,1029,1185,,,,,,,,,,,1688,390,460,390,448,750,162,153,205,230,,,,,,,,,,,,,,247,32,21,100,94,1068,262,195,314,297,191,27,29,71,64,,,,,0,0,0,0,0,770,253,208,215,94
9/12/2014,0:00,60,0,0,15,45,,,,,,,,,,,1492,739,753,1122,617,505,1267,866,401,2836,1206,1630,,,,,,,,,,,2456,688,693,442,633,1032,214,198,318,302,,,,,,,,,,,,,,313,75,34,124,80,1699,467,431,409,392,246,34,25,90,97,,,,,0,0,0,0,0,916,329,162,293,132
10/12/2014,0:00,69,0,0,18,51,,,,,,,,,,,1601,757,844,1287,701,586,1261,897,364,2630,1186,1444,,,,,,,,,,,2834,858,841,480,655,1101,248,223,317,313,,,,,,,,,,,,,,304,52,38,105,109,1738,486,406,408,438,230,26,26,92,86,,,,,0,0,0,0,0,897,302,171,321,103
11/12/2014,0:00,49,0,0,25,24,,,,,,,,,,,1319,661,658,851,526,325,1043,691,352,2227,994,1233,,,,,,,,,,,1879,526,530,380,443,707,133,126,211,237,,,,,,,,,,,,,,235,40,23,107,65,1108,349,138,279,342,167,19,24,63,61,,,,,0,0,0,0,0,719,233,142,239,105
12/12/2014,0:00,37,0,0,7,30,,,,,,,,,,,950,455,495,1219,655,564,940,569,371,1375,810,565,,,,,,,,,,,1809,619,573,259,358,694,195,187,162,150,,,,,,,,,,,,,,226,54,36,59,77,1066,329,256,242,239,125,18,22,44,41,,,,,0,0,0,0,0,857,333,236,216,72
13/12/2014,0:00,45,0,0,16,29,,,,,,,,,,,10,2,8,849,439,410,1206,775,431,1182,475,707,,,,,,,,,,,2494,947,855,274,418,939,215,187,266,271,,,,,,,,,,,,,,129,19,20,40,50,1563,455,269,404,435,144,31,16,50,47,,,,,0,0,0,0,0,1010,411,372,163,64
14/12/2014,0:00,33,0,0,15,18,,,,,,,,,,,0,0,0,685,351,334,1186,836,350,899,434,465,,,,,,,,,,,3310,1108,1018,441,743,1227,239,199,388,401,,,,,,,,,,,,,,201,59,30,57,55,2307,608,437,593,669,175,23,22,72,58,,,,,0,0,0,0,0,1183,448,355,279,101
15/12/2014,0:00,55,0,0,14,41,,,,,,,,,,,0,0,0,1314,693,621,1223,805,418,4000,1588,2412,,,,,,,,,,,3061,981,855,513,712,1070,239,202,313,316,,,,,,,,,,,,,,416,117,48,124,127,2181,656,608,467,450,247,30,36,92,89,,,,,0,0,0,0,0,1031,371,179,380,101
16/12/2014,0:00,65,0,0,31,34,,,,,,,,,,,0,0,0,1299,680,619,1492,1033,459,3952,1535,2417,,,,,,,,,,,3257,1030,932,556,739,1221,246,229,370,376,,,,,,,,,,,,,,370,67,45,148,110,1975,507,478,496,494,271,36,32,106,97,,,,,0,0,0,0,0,1131,361,274,393,103
17/12/2014,0:00,61,0,0,21,40,,,,,,,,,,,0,0,0,887,534,353,1151,743,408,4383,1747,2636,,,,,,,,,,,2333,573,620,478,662,880,179,152,279,270,,,,,,,,,,,,,,298,79,27,110,82,1629,413,344,439,433,215,28,30,82,75,,,,,0,0,0,0,0,899,294,157,317,131
18/12/2014,0:00,69,0,0,28,41,,,,,,,,,,,0,0,0,901,489,412,953,656,297,2800,1079,1721,,,,,,,,,,,1743,420,495,347,481,732,137,138,228,229,,,,,,,,,,,,,,305,120,27,95,63,1301,429,210,319,343,178,19,25,65,69,,,,,0,0,0,0,0,755,238,132,261,124
19/12/2014,0:00,49,0,0,12,37,,,,,,,,,,,0,0,0,894,533,361,907,602,305,3569,1437,2132,,,,,,,,,,,2042,647,622,337,436,773,184,161,220,208,,,,,,,,,,,,,,341,210,22,66,43,1290,371,275,322,322,162,34,28,50,50,,,,,0,0,0,0,0,780,285,157,258,80
20/12/2014,0:00,149,0,0,75,74,,,,,,,,,,,0,0,0,602,312,290,956,673,283,2668,708,1960,,,,,,,,,,,2739,1013,877,334,515,1014,212,193,312,297,,,,,,,,,,,,,,177,66,20,43,48,1562,469,279,389,425,190,42,16,62,70,,,,,0,0,0,0,0,807,346,244,160,57
21/12/2014,0:00,147,0,0,76,71,,,,,,,,,,,0,0,0,560,266,294,1033,704,329,1141,447,694,,,,,,,,,,,2908,1005,933,357,613,1383,244,226,456,457,,,,,,,,,,,,,,210,39,22,73,76,1963,457,375,544,587,173,27,15,69,62,,,,,0,0,0,0,0,916,359,248,225,84
22/12/2014,0:00,528,90,219,109,110,,,,,,,,,,,0,0,0,801,438,363,1066,741,325,3167,1131,2036,,,,,,,,,,,2541,839,781,369,552,1038,237,221,291,289,,,,,,,,,,,,,,296,86,52,77,81,1721,445,381,434,461,168,22,14,71,61,,,,,0,0,0,0,0,827,299,175,279,74
23/12/2014,0:00,2221,2047,0,82,92,,,,,,,,,,,0,0,0,815,424,391,1144,800,344,3105,1050,2055,,,,,,,,,,,2594,826,778,390,600,1091,221,190,360,320,,,,,,,,,,,,,,244,69,45,72,58,1644,455,347,408,434,176,19,22,76,59,,,,,0,0,0,0,0,729,270,152,236,71
24/12/2014,0:00,157,0,2,79,76,,,,,,,,,,,0,0,0,464,261,203,1001,719,282,2767,1068,1699,,,,,,,,,,,1809,543,508,310,448,944,179,165,302,298,,,,,,,,,,,,,,166,55,15,56,40,1399,412,233,364,390,169,17,19,70,63,,,,,0,0,0,0,0,607,207,151,194,55
25/12/2014,0:00,173,0,0,83,90,,,,,,,,,,,0,0,0,313,149,164,385,255,130,1286,396,890,,,,,,,,,,,1679,583,573,194,329,552,131,134,140,147,,,,,,,,,,,,,,94,36,25,19,14,1276,401,274,280,321,68,10,10,23,25,,,,,0,0,0,0,0,408,155,117,105,31
26/12/2014,0:00,208,0,0,97,111,,,,,,,,,,,0,0,0,281,149,132,573,418,155,757,253,504,,,,,,,,,,,1941,662,671,217,391,1015,162,177,331,345,,,,,,,,,,,,,,114,26,13,48,27,1506,439,320,356,391,131,16,16,52,47,,,,,0,0,0,0,0,542,203,154,148,37
27/12/2014,0:00,95,0,0,46,49,,,,,,,,,,,511,511,0,137,58,79,166,109,57,361,141,220,,,,,,,,,,,699,318,263,48,70,192,55,54,42,41,,,,,,,,,,,,,,43,3,17,13,10,285,143,52,49,41,40,8,10,11,11,,,,,0,0,0,0,0,313,170,110,26,7
28/12/2014,0:00,188,0,0,92,96,,,,,,,,,,,0,0,0,361,179,182,336,228,108,453,251,202,,,,,,,,,,,1653,714,607,124,208,719,224,181,160,154,,,,,,,,,,,,,,53,2,3,34,14,985,417,246,152,170,68,14,10,25,19,,,,,0,0,0,0,0,731,372,235,94,30
29/12/2014,0:00,287,0,0,161,126,,,,,,,,,,,0,0,0,454,232,222,581,385,196,842,463,379,,,,,,,,,,,2153,721,744,303,385,983,221,174,296,292,,,,,,,,,,,,,,84,0,0,52,32,1593,465,299,405,424,118,18,16,43,41,,,,,0,0,0,0,0,697,255,191,180,71
30/12/2014,0:00,451,0,0,304,147,,,,,,,,,,,0,0,0,385,203,182,917,641,276,2238,907,1331,,,,,,,,,,,2055,553,644,335,523,1098,201,184,348,365,,,,,,,,,,,,,,102,0,0,66,36,1799,463,320,503,513,151,19,21,62,49,,,,,0,0,0,0,0,728,295,162,216,55
31/12/2014,0:00,265,0,0,159,106,,,,,,,,,,,0,0,0,225,123,102,946,591,355,2800,915,1885,,,,,,,,,,,2368,664,942,297,465,863,135,133,292,303,,,,,,,,,,,,,,103,12,0,57,34,1400,437,236,351,376,188,25,14,86,63,,,,,0,0,0,0,0,726,272,218,156,80
